record_id,latitude,longitude,elevation_m,road_slope_percent,topographic_wetness_index,distance_to_lowest_point_m,distance_to_nearest_drain_m,underpass,historical_waterlogging_count,known_waterlogging_hotspot,rainfall_1h_mm,rainfall_3h_mm,rainfall_6h_mm,rainfall_24h_mm,rainfall_intensity_mm_hr,waterlogging,waterlogging_severity
GWL_0001,28.43542,77.02835,211.7,4.86,9.98,496.8,61.0,1,26,1,0.0,0.0,0.0,0.0,0.0,0,0
GWL_0002,28.4361,77.02762,211.1,8.58,10.27,450.8,40.5,1,26,1,32.0,58.0,74.0,89.0,40.0,1,1
GWL_0003,28.4356,77.02637,211.6,5.61,10.23,504.2,58.6,1,26,1,45.0,82.0,115.0,132.0,55.0,1,2
GWL_0004,28.43608,77.02564,211.6,4.36,10.81,524.6,59.3,1,26,1,0.0,0.0,0.0,0.0,0.0,0,0
GWL_0005,28.43521,77.02579,211.6,4.67,10.36,487.4,62.3,1,26,1,70.0,125.0,160.0,218.0,85.0,1,3
GWL_0006,28.43524,77.02706,211.5,9.33,10.68,515.1,61.8,1,26,1,62.0,118.0,155.0,185.0,75.0,1,3
GWL_0007,28.43457,77.02609,211.1,6.14,10.33,476.6,45.7,1,26,1,62.0,118.0,155.0,185.0,75.0,1,3
GWL_0008,28.43472,77.02791,211.2,8.25,10.22,452.2,59.5,1,26,1,58.0,105.0,142.0,168.0,70.0,1,3
GWL_0009,28.43661,77.02572,211.4,8.75,10.56,482.2,36.9,1,26,1,0.0,0.0,0.0,0.0,0.0,0,0
GWL_0010,28.43523,77.02648,211.7,8.88,10.29,499.3,56.4,1,26,1,32.0,58.0,74.0,89.0,40.0,1,1
GWL_0011,28.43661,77.02698,211.5,4.14,10.01,478.8,54.1,1,26,1,0.0,0.0,0.0,0.0,0.0,0,0
GWL_0012,28.43524,77.02703,211.8,6.26,10.54,512.2,37.3,1,26,1,0.0,0.0,0.0,0.0,0.0,0,0
GWL_0013,28.43517,77.02598,211.8,7.48,10.65,535.1,40.6,1,26,1,40.0,72.0,98.0,115.0,48.0,1,2
GWL_0014,28.43672,77.02819,211.4,5.25,10.37,501.7,60.8,1,26,1,32.0,58.0,74.0,89.0,40.0,1,1
GWL_0015,28.43555,77.02617,211.2,9.19,10.34,472.8,56.1,1,26,1,0.0,0.0,0.0,0.0,0.0,0,0
GWL_0016,28.43539,77.02842,211.9,6.73,10.04,522.9,36.1,1,26,1,75.0,135.0,180.0,240.0,90.0,1,3
GWL_0017,28.43445,77.02634,211.8,4.8,10.27,542.4,42.3,1,26,1,45.0,82.0,115.0,132.0,55.0,1,2
GWL_0018,28.43501,77.02768,211.4,7.48,10.48,472.6,60.1,1,26,1,45.0,82.0,115.0,132.0,55.0,1,2
GWL_0019,28.43442,77.02727,211.6,6.82,10.09,511.8,40.2,1,26,1,32.0,58.0,74.0,89.0,40.0,1,1
GWL_0020,28.43711,77.02591,211.4,9.09,10.82,479.3,54.8,1,26,1,62.0,118.0,155.0,185.0,75.0,1,3
GWL_0021,28.45939,77.03183,213.9,3.16,9.84,706.8,120.2,0,22,1,62.0,118.0,155.0,185.0,75.0,0,0
GWL_0022,28.45885,77.03328,214.5,3.13,9.48,758.2,112.5,0,22,1,40.0,72.0,98.0,115.0,48.0,0,0
GWL_0023,28.45828,77.0338,214.3,0.23,8.88,742.0,110.2,0,22,1,0.0,0.0,0.0,0.0,0.0,0,0
GWL_0024,28.45828,77.03275,214.4,2.35,8.96,752.5,117.1,0,22,1,45.0,82.0,115.0,132.0,55.0,0,0
GWL_0025,28.45878,77.03334,214.3,3.0,9.44,738.2,112.8,0,22,1,40.0,72.0,98.0,115.0,48.0,0,0
GWL_0026,28.4589,77.0319,214.0,3.41,9.29,725.7,128.9,0,22,1,62.0,118.0,155.0,185.0,75.0,0,0
GWL_0027,28.46018,77.03261,214.3,1.83,8.98,744.4,118.4,0,22,1,0.0,0.0,0.0,0.0,0.0,0,0
GWL_0028,28.45787,77.03304,213.9,3.3,9.89,718.1,121.1,0,22,1,0.0,0.0,0.0,0.0,0.0,0,0
GWL_0029,28.45785,77.03388,214.1,3.39,9.82,732.6,118.8,0,22,1,0.0,0.0,0.0,0.0,0.0,0,0
GWL_0030,28.45896,77.03365,214.1,0.76,9.42,735.9,130.9,0,22,1,40.0,72.0,98.0,115.0,48.0,0,0
GWL_0031,28.45951,77.03139,214.3,3.47,8.92,736.2,136.3,0,22,1,75.0,135.0,180.0,240.0,90.0,1,1
GWL_0032,28.45991,77.03218,214.0,2.87,9.71,724.7,137.4,0,22,1,62.0,118.0,155.0,185.0,75.0,0,0
GWL_0033,28.45933,77.0326,214.4,2.34,9.44,755.8,136.7,0,22,1,50.0,92.0,120.0,145.0,60.0,0,0
GWL_0034,28.45881,77.03223,213.9,2.11,8.98,700.1,126.3,0,22,1,0.0,0.0,0.0,0.0,0.0,0,0
GWL_0035,28.45866,77.03287,213.8,0.32,9.8,687.4,113.8,0,22,1,70.0,125.0,160.0,218.0,85.0,0,0
GWL_0036,28.45937,77.03341,214.0,2.26,8.99,692.1,125.9,0,22,1,4.0,8.0,12.0,15.0,5.0,0,0
GWL_0037,28.45942,77.03301,214.4,3.42,9.26,736.9,133.9,0,22,1,6.0,11.0,14.0,18.0,7.0,0,0
GWL_0038,28.45861,77.03242,213.9,0.28,9.9,714.9,130.9,0,22,1,45.0,82.0,115.0,132.0,55.0,0,0
GWL_0039,28.45903,77.03162,213.9,1.03,9.49,710.1,129.8,0,22,1,4.0,8.0,12.0,15.0,5.0,0,0
GWL_0040,28.45864,77.03396,214.4,2.03,9.35,740.8,117.4,0,22,1,4.0,8.0,12.0,15.0,5.0,0,0
GWL_0041,28.47167,77.07337,215.6,4.25,8.3,860.2,96.1,1,24,1,58.0,105.0,142.0,168.0,70.0,1,2
GWL_0042,28.47207,77.07252,215.7,6.19,8.84,859.9,76.4,1,24,1,0.0,0.0,0.0,0.0,0.0,0,0
GWL_0043,28.47172,77.07298,216.0,7.62,8.26,862.8,94.3,1,24,1,75.0,135.0,180.0,240.0,90.0,1,2
GWL_0044,28.47342,77.07283,215.9,6.52,8.69,889.2,86.6,1,24,1,28.0,52.0,85.0,110.0,35.0,0,0
GWL_0045,28.47348,77.07382,215.8,4.55,8.2,846.8,95.5,1,24,1,70.0,125.0,160.0,218.0,85.0,1,2
GWL_0046,28.47313,77.07117,216.3,4.65,8.68,910.7,101.3,1,24,1,58.0,105.0,142.0,168.0,70.0,1,1
GWL_0047,28.47145,77.07163,216.2,9.45,8.43,891.9,98.3,1,24,1,62.0,118.0,155.0,185.0,75.0,1,2
GWL_0048,28.47318,77.07239,216.2,4.57,8.92,897.2,99.8,1,24,1,4.0,8.0,12.0,15.0,5.0,0,0
GWL_0049,28.47156,77.07379,215.9,8.98,8.23,864.3,103.5,1,24,1,28.0,52.0,85.0,110.0,35.0,0,0
GWL_0050,28.47345,77.07282,216.1,5.61,8.39,895.4,97.6,1,24,1,32.0,58.0,74.0,89.0,40.0,0,0
GWL_0051,28.47297,77.07347,215.7,4.32,8.77,852.2,101.6,1,24,1,32.0,58.0,74.0,89.0,40.0,0,0
GWL_0052,28.47165,77.07145,215.7,7.4,8.32,837.9,96.0,1,24,1,75.0,135.0,180.0,240.0,90.0,1,2
GWL_0053,28.47272,77.07134,215.7,6.06,8.59,867.0,103.4,1,24,1,32.0,58.0,74.0,89.0,40.0,0,0
GWL_0054,28.47356,77.07336,215.9,8.27,8.7,868.5,102.2,1,24,1,28.0,52.0,85.0,110.0,35.0,0,0
GWL_0055,28.47093,77.07258,215.6,4.31,8.38,830.7,94.5,1,24,1,6.0,11.0,14.0,18.0,7.0,0,0
GWL_0056,28.47284,77.07285,216.4,5.57,8.81,902.9,103.9,1,24,1,28.0,52.0,85.0,110.0,35.0,0,0
GWL_0057,28.47064,77.07401,215.6,6.9,9.25,829.0,91.6,1,24,1,0.0,0.0,0.0,0.0,0.0,0,0
GWL_0058,28.47351,77.07267,216.1,6.5,8.69,891.9,102.0,1,24,1,70.0,125.0,160.0,218.0,85.0,1,2
GWL_0059,28.47345,77.07377,216.0,5.53,8.29,878.5,85.6,1,24,1,4.0,8.0,12.0,15.0,5.0,0,0
GWL_0060,28.47235,77.07133,216.4,7.84,8.48,906.4,99.4,1,24,1,45.0,82.0,115.0,132.0,55.0,1,1
GWL_0061,28.46473,77.05907,215.5,7.37,8.72,854.8,166.0,1,19,1,0.0,0.0,0.0,0.0,0.0,0,0
GWL_0062,28.46214,77.05668,215.0,9.43,8.65,798.8,151.4,1,19,1,50.0,92.0,120.0,145.0,60.0,1,1
GWL_0063,28.46451,77.05801,215.0,4.31,9.36,807.5,170.0,1,19,1,40.0,72.0,98.0,115.0,48.0,1,1
GWL_0064,28.46431,77.05943,215.4,6.48,8.47,847.2,158.2,1,19,1,32.0,58.0,74.0,89.0,40.0,0,0
GWL_0065,28.46269,77.05862,215.2,4.62,9.09,812.8,163.2,1,19,1,75.0,135.0,180.0,240.0,90.0,1,2
GWL_0066,28.46366,77.05828,215.4,4.74,8.37,839.2,158.6,1,19,1,32.0,58.0,74.0,89.0,40.0,0,0
GWL_0067,28.46411,77.05724,214.8,5.93,9.17,773.7,153.1,1,19,1,40.0,72.0,98.0,115.0,48.0,1,1
GWL_0068,28.46354,77.05895,215.0,8.74,9.45,780.9,167.8,1,19,1,70.0,125.0,160.0,218.0,85.0,1,2
GWL_0069,28.46338,77.05954,215.1,7.48,8.7,786.5,143.9,1,19,1,6.0,11.0,14.0,18.0,7.0,0,0
GWL_0070,28.46238,77.05706,214.8,5.0,8.93,793.9,154.2,1,19,1,0.0,0.0,0.0,0.0,0.0,0,0
GWL_0071,28.464,77.05712,214.9,4.93,8.82,773.6,142.7,1,19,1,0.0,0.0,0.0,0.0,0.0,0,0
GWL_0072,28.46236,77.05798,214.9,6.77,9.23,768.1,164.0,1,19,1,6.0,11.0,14.0,18.0,7.0,0,0
GWL_0073,28.46388,77.05685,215.4,4.34,8.62,841.2,162.4,1,19,1,28.0,52.0,85.0,110.0,35.0,0,0
GWL_0074,28.46255,77.05723,215.0,7.4,8.87,793.5,162.4,1,19,1,0.0,0.0,0.0,0.0,0.0,0,0
GWL_0075,28.46211,77.05736,215.3,6.81,8.91,804.8,153.4,1,19,1,62.0,118.0,155.0,185.0,75.0,1,2
GWL_0076,28.46281,77.05773,214.7,5.16,8.95,754.3,166.7,1,19,1,0.0,0.0,0.0,0.0,0.0,0,0
GWL_0077,28.46378,77.05864,215.3,4.48,8.92,824.0,162.4,1,19,1,32.0,58.0,74.0,89.0,40.0,0,0
GWL_0078,28.46329,77.05698,214.9,7.55,9.11,780.7,169.6,1,19,1,45.0,82.0,115.0,132.0,55.0,1,1
GWL_0079,28.46231,77.05706,214.9,5.03,8.83,773.4,166.9,1,19,1,0.0,0.0,0.0,0.0,0.0,0,0
GWL_0080,28.46224,77.05817,215.0,4.62,8.9,813.8,166.0,1,19,1,62.0,118.0,155.0,185.0,75.0,1,2
GWL_0081,28.42741,77.04301,213.1,2.04,9.83,624.7,103.1,0,21,1,4.0,8.0,12.0,15.0,5.0,0,0
GWL_0082,28.42746,77.04197,212.7,1.88,9.66,584.1,98.3,0,21,1,70.0,125.0,160.0,218.0,85.0,1,1
GWL_0083,28.42736,77.04244,212.8,0.37,9.72,593.4,81.9,0,21,1,32.0,58.0,74.0,89.0,40.0,0,0
GWL_0084,28.42987,77.04197,213.0,1.04,9.98,635.4,97.9,0,21,1,6.0,11.0,14.0,18.0,7.0,0,0
GWL_0085,28.42831,77.04224,212.7,3.27,10.25,618.1,83.7,0,21,1,62.0,118.0,155.0,185.0,75.0,1,1
GWL_0086,28.42744,77.0412,213.0,2.1,10.14,610.6,103.9,0,21,1,6.0,11.0,14.0,18.0,7.0,0,0
GWL_0087,28.4275,77.04149,212.5,2.89,10.17,583.4,90.8,0,21,1,32.0,58.0,74.0,89.0,40.0,0,0
GWL_0088,28.42953,77.04218,213.1,1.65,9.64,632.0,89.0,0,21,1,75.0,135.0,180.0,240.0,90.0,1,1
GWL_0089,28.4276,77.0437,212.7,1.99,10.33,604.5,83.5,0,21,1,70.0,125.0,160.0,218.0,85.0,1,1
GWL_0090,28.4279,77.04142,213.0,2.25,9.83,640.8,103.7,0,21,1,50.0,92.0,120.0,145.0,60.0,0,0
GWL_0091,28.42736,77.04194,212.6,2.66,9.49,593.8,102.9,0,21,1,0.0,0.0,0.0,0.0,0.0,0,0
GWL_0092,28.42953,77.04203,213.1,0.57,10.11,618.6,91.9,0,21,1,6.0,11.0,14.0,18.0,7.0,0,0
GWL_0093,28.42929,77.04145,212.6,2.58,10.18,596.6,100.8,0,21,1,28.0,52.0,85.0,110.0,35.0,0,0
GWL_0094,28.42853,77.04176,212.7,0.8,10.33,602.8,92.0,0,21,1,58.0,105.0,142.0,168.0,70.0,0,0
GWL_0095,28.42829,77.04384,212.5,2.13,10.01,587.0,80.5,0,21,1,28.0,52.0,85.0,110.0,35.0,0,0
GWL_0096,28.42952,77.0438,212.9,2.5,10.26,624.8,84.6,0,21,1,28.0,52.0,85.0,110.0,35.0,0,0
GWL_0097,28.42863,77.04282,212.7,2.63,10.35,616.5,93.5,0,21,1,62.0,118.0,155.0,185.0,75.0,1,1
GWL_0098,28.42942,77.04137,213.1,3.07,9.78,637.2,92.0,0,21,1,0.0,0.0,0.0,0.0,0.0,0,0
GWL_0099,28.42706,77.04201,213.0,0.22,9.63,620.9,96.1,0,21,1,70.0,125.0,160.0,218.0,85.0,1,1
GWL_0100,28.42794,77.04321,212.8,0.94,9.83,593.6,85.3,0,21,1,0.0,0.0,0.0,0.0,0.0,0,0
GWL_0101,28.4482,77.09806,219.3,7.19,7.41,1141.0,69.9,1,18,1,0.0,0.0,0.0,0.0,0.0,0,0
GWL_0102,28.44723,77.09968,218.7,4.47,8.02,1109.6,67.9,1,18,1,0.0,0.0,0.0,0.0,0.0,0,0
GWL_0103,28.4469,77.09905,218.8,5.13,7.17,1099.5,64.2,1,18,1,32.0,58.0,74.0,89.0,40.0,0,0
GWL_0104,28.44839,77.097,219.2,6.88,7.26,1148.0,66.8,1,18,1,0.0,0.0,0.0,0.0,0.0,0,0
GWL_0105,28.44717,77.09735,219.3,6.05,7.05,1166.3,62.3,1,18,1,0.0,0.0,0.0,0.0,0.0,0,0
GWL_0106,28.44678,77.09727,219.2,4.15,7.04,1141.2,70.2,1,18,1,58.0,105.0,142.0,168.0,70.0,1,1
GWL_0107,28.4491,77.09734,219.1,4.55,7.1,1152.4,75.7,1,18,1,40.0,72.0,98.0,115.0,48.0,0,0
GWL_0108,28.44919,77.09799,219.1,5.61,7.76,1124.0,52.6,1,18,1,0.0,0.0,0.0,0.0,0.0,0,0
GWL_0109,28.44732,77.09688,218.7,6.32,7.91,1122.2,60.3,1,18,1,62.0,118.0,155.0,185.0,75.0,1,1
GWL_0110,28.44847,77.0976,219.1,7.04,7.3,1135.3,78.5,1,18,1,58.0,105.0,142.0,168.0,70.0,1,1
GWL_0111,28.44931,77.09826,219.3,6.34,6.8,1151.2,66.2,1,18,1,50.0,92.0,120.0,145.0,60.0,1,1
GWL_0112,28.44712,77.0993,219.4,4.94,7.01,1149.7,77.4,1,18,1,75.0,135.0,180.0,240.0,90.0,1,2
GWL_0113,28.44752,77.09846,219.1,5.14,6.87,1129.0,77.0,1,18,1,70.0,125.0,160.0,218.0,85.0,1,1
GWL_0114,28.4485,77.0988,218.7,6.3,7.4,1110.3,51.4,1,18,1,0.0,0.0,0.0,0.0,0.0,0,0
GWL_0115,28.4472,77.09901,218.7,5.35,7.41,1101.0,60.7,1,18,1,0.0,0.0,0.0,0.0,0.0,0,0
GWL_0116,28.44886,77.09769,219.1,7.65,7.8,1152.8,56.4,1,18,1,40.0,72.0,98.0,115.0,48.0,0,0
GWL_0117,28.44679,77.09759,219.1,6.73,7.46,1136.9,73.1,1,18,1,62.0,118.0,155.0,185.0,75.0,1,1
GWL_0118,28.44888,77.09829,219.2,5.36,7.64,1164.0,70.8,1,18,1,0.0,0.0,0.0,0.0,0.0,0,0
GWL_0119,28.44752,77.09857,218.9,9.05,7.08,1144.5,63.4,1,18,1,28.0,52.0,85.0,110.0,35.0,0,0
GWL_0120,28.44726,77.09843,219.3,8.44,7.44,1168.2,75.5,1,18,1,6.0,11.0,14.0,18.0,7.0,0,0
GWL_0121,28.39685,77.05427,210.0,3.46,11.44,351.6,46.2,0,25,1,4.0,8.0,12.0,15.0,5.0,0,0
GWL_0122,28.39888,77.05334,210.3,3.22,10.41,403.4,33.9,0,25,1,4.0,8.0,12.0,15.0,5.0,0,0
GWL_0123,28.39887,77.05571,210.6,1.76,11.12,434.8,34.6,0,25,1,45.0,82.0,115.0,132.0,55.0,0,0
GWL_0124,28.39859,77.05291,210.3,0.96,10.5,378.6,45.9,0,25,1,62.0,118.0,155.0,185.0,75.0,1,1
GWL_0125,28.3963,77.05375,210.2,2.81,10.74,392.0,51.6,0,25,1,6.0,11.0,14.0,18.0,7.0,0,0
GWL_0126,28.39795,77.0535,209.8,3.07,10.6,368.0,40.9,0,25,1,45.0,82.0,115.0,132.0,55.0,0,0
GWL_0127,28.39892,77.0552,210.6,1.36,11.03,417.1,39.4,0,25,1,4.0,8.0,12.0,15.0,5.0,0,0
GWL_0128,28.39798,77.05542,210.6,2.74,10.68,417.9,47.1,0,25,1,28.0,52.0,85.0,110.0,35.0,0,0
GWL_0129,28.39682,77.05313,210.1,1.15,10.76,367.8,26.3,0,25,1,75.0,135.0,180.0,240.0,90.0,1,2
GWL_0130,28.39738,77.05395,210.3,0.92,11.33,407.0,27.7,0,25,1,70.0,125.0,160.0,218.0,85.0,1,1
GWL_0131,28.39893,77.0542,210.3,0.75,11.37,384.8,53.3,0,25,1,32.0,58.0,74.0,89.0,40.0,0,0
GWL_0132,28.39805,77.05462,210.2,0.96,10.6,375.8,30.6,0,25,1,62.0,118.0,155.0,185.0,75.0,1,1
GWL_0133,28.39627,77.05571,210.5,3.26,11.29,399.5,36.9,0,25,1,0.0,0.0,0.0,0.0,0.0,0,0
GWL_0134,28.39837,77.05489,209.9,2.89,10.76,350.5,41.1,0,25,1,0.0,0.0,0.0,0.0,0.0,0,0
GWL_0135,28.39788,77.05454,209.9,3.1,10.81,346.7,51.7,0,25,1,28.0,52.0,85.0,110.0,35.0,0,0
GWL_0136,28.39897,77.05539,210.4,2.36,10.89,387.5,37.3,0,25,1,62.0,118.0,155.0,185.0,75.0,1,1
GWL_0137,28.39827,77.05429,209.9,0.93,11.22,344.5,50.5,0,25,1,0.0,0.0,0.0,0.0,0.0,0,0
GWL_0138,28.39759,77.05424,210.3,2.92,10.73,402.6,42.0,0,25,1,50.0,92.0,120.0,145.0,60.0,1,1
GWL_0139,28.39849,77.05478,210.5,3.06,11.01,426.0,45.9,0,25,1,75.0,135.0,180.0,240.0,90.0,1,1
GWL_0140,28.39836,77.05328,210.5,3.08,10.33,425.5,28.9,0,25,1,0.0,0.0,0.0,0.0,0.0,0,0
GWL_0141,28.43841,77.04083,212.7,8.58,9.93,579.8,208.6,1,15,1,50.0,92.0,120.0,145.0,60.0,1,1
GWL_0142,28.4393,77.03938,213.1,8.29,9.37,643.9,216.2,1,15,1,58.0,105.0,142.0,168.0,70.0,1,2
GWL_0143,28.4393,77.0414,212.7,7.78,9.49,591.5,221.2,1,15,1,70.0,125.0,160.0,218.0,85.0,1,2
GWL_0144,28.43844,77.04046,212.6,9.35,10.43,601.0,203.9,1,15,1,58.0,105.0,142.0,168.0,70.0,1,2
GWL_0145,28.43747,77.03957,213.0,7.76,9.75,615.9,229.9,1,15,1,62.0,118.0,155.0,185.0,75.0,1,2
GWL_0146,28.43789,77.04098,213.2,4.45,9.9,648.2,208.2,1,15,1,0.0,0.0,0.0,0.0,0.0,0,0
GWL_0147,28.44025,77.03905,212.9,6.31,9.98,612.4,208.2,1,15,1,40.0,72.0,98.0,115.0,48.0,1,1
GWL_0148,28.44008,77.03929,212.8,7.58,9.75,622.6,214.2,1,15,1,40.0,72.0,98.0,115.0,48.0,1,1
GWL_0149,28.44001,77.04093,213.2,8.19,9.85,627.2,201.0,1,15,1,70.0,125.0,160.0,218.0,85.0,1,2
GWL_0150,28.43979,77.04004,212.7,7.77,9.85,587.5,214.7,1,15,1,0.0,0.0,0.0,0.0,0.0,0,0
GWL_0151,28.43759,77.04035,212.8,5.71,9.84,588.5,202.2,1,15,1,0.0,0.0,0.0,0.0,0.0,0,0
GWL_0152,28.43858,77.04004,213.1,7.82,10.12,644.7,201.2,1,15,1,75.0,135.0,180.0,240.0,90.0,1,3
GWL_0153,28.43813,77.04156,212.7,7.4,10.12,601.9,200.3,1,15,1,0.0,0.0,0.0,0.0,0.0,0,0
GWL_0154,28.43838,77.04015,212.7,4.18,9.5,595.4,204.0,1,15,1,75.0,135.0,180.0,240.0,90.0,1,3
GWL_0155,28.4398,77.0392,212.7,7.5,10.13,580.8,228.1,1,15,1,28.0,52.0,85.0,110.0,35.0,1,1
GWL_0156,28.43953,77.04121,213.2,5.87,10.03,625.2,226.8,1,15,1,62.0,118.0,155.0,185.0,75.0,1,2
GWL_0157,28.43876,77.04053,213.0,4.45,9.36,614.9,204.8,1,15,1,58.0,105.0,142.0,168.0,70.0,1,2
GWL_0158,28.44033,77.03961,212.7,7.62,9.92,601.7,221.6,1,15,1,40.0,72.0,98.0,115.0,48.0,1,1
GWL_0159,28.44032,77.04055,212.8,4.4,9.41,598.3,213.9,1,15,1,50.0,92.0,120.0,145.0,60.0,1,1
GWL_0160,28.43963,77.03988,212.9,9.43,9.38,631.2,217.4,1,15,1,32.0,58.0,74.0,89.0,40.0,1,1
GWL_0161,28.51016,77.08002,217.7,1.59,7.7,1028.2,127.4,0,17,1,4.0,8.0,12.0,15.0,5.0,0,0
GWL_0162,28.50933,77.07927,217.5,2.62,7.63,1016.1,127.3,0,17,1,45.0,82.0,115.0,132.0,55.0,0,0
GWL_0163,28.50924,77.07811,217.8,0.8,8.23,1032.7,107.4,0,17,1,6.0,11.0,14.0,18.0,7.0,0,0
GWL_0164,28.51131,77.07874,217.4,1.39,8.13,985.5,111.7,0,17,1,32.0,58.0,74.0,89.0,40.0,0,0
GWL_0165,28.51161,77.07817,217.5,1.27,8.27,992.7,129.1,0,17,1,58.0,105.0,142.0,168.0,70.0,0,0
GWL_0166,28.51006,77.07811,217.1,0.76,8.18,967.0,124.9,0,17,1,0.0,0.0,0.0,0.0,0.0,0,0
GWL_0167,28.50999,77.07815,217.5,2.53,7.67,994.2,101.1,0,17,1,58.0,105.0,142.0,168.0,70.0,0,0
GWL_0168,28.51091,77.07939,217.4,2.99,8.35,1002.4,126.0,0,17,1,4.0,8.0,12.0,15.0,5.0,0,0
GWL_0169,28.50932,77.07774,217.2,0.39,8.15,999.5,101.2,0,17,1,0.0,0.0,0.0,0.0,0.0,0,0
GWL_0170,28.50907,77.07876,217.7,1.24,7.93,1006.2,104.5,0,17,1,75.0,135.0,180.0,240.0,90.0,0,0
GWL_0171,28.51166,77.0803,217.0,3.34,8.34,979.7,113.6,0,17,1,0.0,0.0,0.0,0.0,0.0,0,0
GWL_0172,28.51025,77.07887,217.5,0.66,7.53,999.8,121.1,0,17,1,32.0,58.0,74.0,89.0,40.0,0,0
GWL_0173,28.50931,77.07942,217.8,0.51,8.05,1030.8,126.0,0,17,1,75.0,135.0,180.0,240.0,90.0,0,0
GWL_0174,28.50923,77.07948,217.7,3.32,8.1,1024.4,118.5,0,17,1,75.0,135.0,180.0,240.0,90.0,0,0
GWL_0175,28.51131,77.07911,217.0,3.27,8.39,972.1,106.5,0,17,1,0.0,0.0,0.0,0.0,0.0,0,0
GWL_0176,28.51068,77.07858,217.5,0.55,8.16,1027.5,101.4,0,17,1,50.0,92.0,120.0,145.0,60.0,0,0
GWL_0177,28.51163,77.07862,217.7,2.78,7.99,1034.0,126.4,0,17,1,40.0,72.0,98.0,115.0,48.0,0,0
GWL_0178,28.50991,77.07838,217.5,2.87,8.26,1019.4,113.1,0,17,1,70.0,125.0,160.0,218.0,85.0,0,0
GWL_0179,28.51115,77.07776,217.4,0.22,7.86,993.7,111.9,0,17,1,40.0,72.0,98.0,115.0,48.0,0,0
GWL_0180,28.51079,77.07857,217.4,0.98,7.91,988.1,102.2,0,17,1,6.0,11.0,14.0,18.0,7.0,0,0
GWL_0181,28.47741,77.0269,214.9,1.73,8.92,801.0,100.6,0,16,1,45.0,82.0,115.0,132.0,55.0,0,0
GWL_0182,28.47704,77.02498,214.7,1.45,9.02,772.7,101.0,0,16,1,0.0,0.0,0.0,0.0,0.0,0,0
GWL_0183,28.47742,77.02719,215.1,2.57,9.42,784.2,90.9,0,16,1,0.0,0.0,0.0,0.0,0.0,0,0
GWL_0184,28.47562,77.02684,215.1,1.0,9.39,785.9,113.0,0,16,1,32.0,58.0,74.0,89.0,40.0,0,0
GWL_0185,28.47665,77.0252,214.8,1.05,8.86,770.3,109.1,0,16,1,0.0,0.0,0.0,0.0,0.0,0,0
GWL_0186,28.47722,77.02583,214.9,2.56,8.81,783.0,88.7,0,16,1,40.0,72.0,98.0,115.0,48.0,0,0
GWL_0187,28.47614,77.02694,214.5,1.93,9.41,736.8,102.0,0,16,1,4.0,8.0,12.0,15.0,5.0,0,0
GWL_0188,28.47637,77.02779,214.8,2.86,9.13,759.7,104.0,0,16,1,70.0,125.0,160.0,218.0,85.0,0,0
GWL_0189,28.47845,77.0267,215.1,3.12,8.69,792.0,103.3,0,16,1,4.0,8.0,12.0,15.0,5.0,0,0
GWL_0190,28.47683,77.02742,215.1,1.37,8.7,814.7,93.2,0,16,1,0.0,0.0,0.0,0.0,0.0,0,0
GWL_0191,28.47807,77.02617,214.9,0.52,9.16,784.6,102.6,0,16,1,28.0,52.0,85.0,110.0,35.0,0,0
GWL_0192,28.4761,77.02711,215.1,0.92,8.56,784.4,104.3,0,16,1,32.0,58.0,74.0,89.0,40.0,0,0
GWL_0193,28.47742,77.02654,214.6,1.49,9.25,760.9,114.6,0,16,1,70.0,125.0,160.0,218.0,85.0,0,0
GWL_0194,28.47601,77.02699,214.7,1.61,9.34,777.2,114.7,0,16,1,75.0,135.0,180.0,240.0,90.0,1,1
GWL_0195,28.47777,77.02664,214.6,0.46,8.75,776.8,90.8,0,16,1,58.0,105.0,142.0,168.0,70.0,0,0
GWL_0196,28.47657,77.02558,214.7,0.43,9.14,752.2,109.0,0,16,1,50.0,92.0,120.0,145.0,60.0,0,0
GWL_0197,28.4763,77.02652,215.1,2.35,8.99,796.5,95.0,0,16,1,45.0,82.0,115.0,132.0,55.0,0,0
GWL_0198,28.47761,77.02788,214.9,2.04,9.27,785.1,86.8,0,16,1,0.0,0.0,0.0,0.0,0.0,0,0
GWL_0199,28.47729,77.02777,214.5,2.48,8.9,753.9,87.9,0,16,1,0.0,0.0,0.0,0.0,0.0,0,0
GWL_0200,28.47695,77.02717,214.7,2.39,9.42,786.6,92.0,0,16,1,70.0,125.0,160.0,218.0,85.0,0,0
GWL_0201,28.4712,77.01526,214.3,3.26,9.32,749.2,145.6,0,14,1,40.0,72.0,98.0,115.0,48.0,0,0
GWL_0202,28.47187,77.01507,214.1,0.62,9.69,729.8,151.3,0,14,1,4.0,8.0,12.0,15.0,5.0,0,0
GWL_0203,28.47011,77.01571,213.7,1.39,9.11,702.0,146.6,0,14,1,58.0,105.0,142.0,168.0,70.0,0,0
GWL_0204,28.47092,77.01599,213.9,2.18,9.46,718.3,144.9,0,14,1,40.0,72.0,98.0,115.0,48.0,0,0
GWL_0205,28.47298,77.01735,213.7,3.27,9.14,697.2,141.4,0,14,1,32.0,58.0,74.0,89.0,40.0,0,0
GWL_0206,28.47263,77.0174,214.1,2.81,9.16,701.7,142.1,0,14,1,6.0,11.0,14.0,18.0,7.0,0,0
GWL_0207,28.47052,77.01688,213.8,3.42,9.62,705.9,134.0,0,14,1,0.0,0.0,0.0,0.0,0.0,0,0
GWL_0208,28.47259,77.01757,213.9,2.2,9.7,688.5,145.1,0,14,1,70.0,125.0,160.0,218.0,85.0,0,0
GWL_0209,28.4712,77.01524,213.8,0.42,9.01,678.4,158.9,0,14,1,6.0,11.0,14.0,18.0,7.0,0,0
GWL_0210,28.47165,77.0177,213.8,1.23,9.49,690.6,133.2,0,14,1,0.0,0.0,0.0,0.0,0.0,0,0
GWL_0211,28.47192,77.01545,214.0,2.35,9.05,692.5,153.4,0,14,1,40.0,72.0,98.0,115.0,48.0,0,0
GWL_0212,28.47138,77.01497,214.3,0.39,9.48,754.8,137.2,0,14,1,0.0,0.0,0.0,0.0,0.0,0,0
GWL_0213,28.47043,77.01516,213.7,0.53,9.71,667.0,145.3,0,14,1,62.0,118.0,155.0,185.0,75.0,0,0
GWL_0214,28.47299,77.01724,214.0,1.21,9.52,711.1,142.8,0,14,1,58.0,105.0,142.0,168.0,70.0,0,0
GWL_0215,28.47039,77.01746,213.9,0.84,9.31,698.1,154.8,0,14,1,28.0,52.0,85.0,110.0,35.0,0,0
GWL_0216,28.4722,77.01711,213.5,1.57,9.58,648.3,137.8,0,14,1,4.0,8.0,12.0,15.0,5.0,0,0
GWL_0217,28.47228,77.01521,213.9,0.91,8.95,691.1,159.3,0,14,1,58.0,105.0,142.0,168.0,70.0,0,0
GWL_0218,28.4724,77.01768,213.9,0.56,9.49,699.7,155.3,0,14,1,40.0,72.0,98.0,115.0,48.0,0,0
GWL_0219,28.47029,77.01626,213.6,1.27,9.8,675.0,141.3,0,14,1,4.0,8.0,12.0,15.0,5.0,0,0
GWL_0220,28.47118,77.01618,214.1,3.14,9.82,730.0,139.5,0,14,1,40.0,72.0,98.0,115.0,48.0,0,0
GWL_0221,28.46976,77.04481,215.3,2.97,8.42,836.6,313.8,0,9,0,45.0,82.0,115.0,132.0,55.0,0,0
GWL_0222,28.46961,77.04548,215.8,2.3,8.79,845.7,315.6,0,9,0,0.0,0.0,0.0,0.0,0.0,0,0
GWL_0223,28.46815,77.04571,215.5,2.44,8.34,820.9,321.5,0,9,0,28.0,52.0,85.0,110.0,35.0,0,0
GWL_0224,28.46792,77.04371,215.1,3.36,9.2,797.6,308.9,0,9,0,50.0,92.0,120.0,145.0,60.0,0,0
GWL_0225,28.46875,77.04582,215.6,0.81,8.43,829.9,319.8,0,9,0,45.0,82.0,115.0,132.0,55.0,0,0
GWL_0226,28.46999,77.0443,215.1,0.47,9.43,795.3,323.1,0,9,0,32.0,58.0,74.0,89.0,40.0,0,0
GWL_0227,28.46957,77.04465,215.3,0.6,9.0,831.5,319.3,0,9,0,28.0,52.0,85.0,110.0,35.0,0,0
GWL_0228,28.46929,77.04363,215.9,2.84,8.43,890.7,318.1,0,9,0,6.0,11.0,14.0,18.0,7.0,0,0
GWL_0229,28.46945,77.04574,215.7,2.37,8.35,848.0,327.8,0,9,0,4.0,8.0,12.0,15.0,5.0,0,0
GWL_0230,28.46837,77.04462,215.4,1.65,8.95,846.7,307.2,0,9,0,70.0,125.0,160.0,218.0,85.0,0,0
GWL_0231,28.46806,77.04409,215.8,2.33,8.47,875.6,325.8,0,9,0,62.0,118.0,155.0,185.0,75.0,0,0
GWL_0232,28.47024,77.04626,215.3,2.69,8.84,834.2,321.9,0,9,0,45.0,82.0,115.0,132.0,55.0,0,0
GWL_0233,28.47003,77.04547,215.2,2.0,9.4,829.5,301.3,0,9,0,62.0,118.0,155.0,185.0,75.0,0,0
GWL_0234,28.46819,77.0439,215.7,2.9,8.43,854.7,325.2,0,9,0,0.0,0.0,0.0,0.0,0.0,0,0
GWL_0235,28.4699,77.04513,215.6,1.88,8.56,848.6,320.7,0,9,0,32.0,58.0,74.0,89.0,40.0,0,0
GWL_0236,28.47032,77.04541,215.7,0.73,8.68,834.9,307.4,0,9,0,32.0,58.0,74.0,89.0,40.0,0,0
GWL_0237,28.46988,77.04648,215.2,1.52,9.22,800.2,316.7,0,9,0,0.0,0.0,0.0,0.0,0.0,0,0
GWL_0238,28.4699,77.04535,215.3,1.37,9.16,822.7,300.2,0,9,0,50.0,92.0,120.0,145.0,60.0,0,0
GWL_0239,28.46998,77.04361,215.7,0.87,9.18,849.2,309.8,0,9,0,6.0,11.0,14.0,18.0,7.0,0,0
GWL_0240,28.46815,77.04442,215.8,3.49,8.55,860.9,321.7,0,9,0,32.0,58.0,74.0,89.0,40.0,0,0
GWL_0241,28.46216,77.04138,214.5,1.56,9.4,732.6,188.6,0,13,1,4.0,8.0,12.0,15.0,5.0,0,0
GWL_0242,28.46057,77.04198,214.3,2.14,9.26,741.2,171.9,0,13,1,40.0,72.0,98.0,115.0,48.0,0,0
GWL_0243,28.46124,77.04128,214.6,2.19,9.34,773.2,178.1,0,13,1,4.0,8.0,12.0,15.0,5.0,0,0
GWL_0244,28.46198,77.04109,214.3,0.39,9.11,746.9,191.2,0,13,1,58.0,105.0,142.0,168.0,70.0,0,0
GWL_0245,28.46187,77.04115,214.6,0.69,8.99,758.4,172.7,0,13,1,58.0,105.0,142.0,168.0,70.0,0,0
GWL_0246,28.46016,77.04139,214.8,3.49,9.51,783.7,182.6,0,13,1,0.0,0.0,0.0,0.0,0.0,0,0
GWL_0247,28.46141,77.04196,214.3,1.55,9.62,730.9,187.2,0,13,1,50.0,92.0,120.0,145.0,60.0,0,0
GWL_0248,28.46126,77.04015,214.5,1.3,8.73,733.5,195.0,0,13,1,40.0,72.0,98.0,115.0,48.0,0,0
GWL_0249,28.46032,77.04115,214.4,3.3,9.0,741.2,196.2,0,13,1,58.0,105.0,142.0,168.0,70.0,0,0
GWL_0250,28.46203,77.04016,214.8,1.71,9.06,763.3,172.4,0,13,1,70.0,125.0,160.0,218.0,85.0,0,0
GWL_0251,28.46168,77.04109,214.5,2.61,9.47,738.9,188.3,0,13,1,40.0,72.0,98.0,115.0,48.0,0,0
GWL_0252,28.45991,77.04185,214.7,3.36,8.69,751.8,178.5,0,13,1,6.0,11.0,14.0,18.0,7.0,0,0
GWL_0253,28.46029,77.04034,214.9,1.02,8.81,796.9,183.5,0,13,1,0.0,0.0,0.0,0.0,0.0,0,0
GWL_0254,28.46183,77.0398,214.6,0.31,8.72,777.3,174.2,0,13,1,75.0,135.0,180.0,240.0,90.0,0,0
GWL_0255,28.4611,77.04083,214.5,3.17,8.72,759.1,198.9,0,13,1,62.0,118.0,155.0,185.0,75.0,0,0
GWL_0256,28.46118,77.04241,214.2,1.58,9.08,736.2,199.4,0,13,1,40.0,72.0,98.0,115.0,48.0,0,0
GWL_0257,28.46027,77.04156,214.4,2.07,9.2,762.9,188.3,0,13,1,4.0,8.0,12.0,15.0,5.0,0,0
GWL_0258,28.46055,77.03994,214.3,0.94,9.03,749.5,186.8,0,13,1,0.0,0.0,0.0,0.0,0.0,0,0
GWL_0259,28.46107,77.03994,214.9,2.59,8.61,794.8,186.3,0,13,1,0.0,0.0,0.0,0.0,0.0,0,0
GWL_0260,28.45975,77.04097,214.6,0.75,9.61,775.0,190.1,0,13,1,62.0,118.0,155.0,185.0,75.0,0,0
GWL_0261,28.50199,77.06714,216.9,2.0,7.8,957.0,254.2,0,8,0,0.0,0.0,0.0,0.0,0.0,0,0
GWL_0262,28.50198,77.06606,217.0,0.86,7.96,951.6,239.9,0,8,0,70.0,125.0,160.0,218.0,85.0,0,0
GWL_0263,28.50287,77.06746,216.6,3.1,8.74,945.8,237.2,0,8,0,75.0,135.0,180.0,240.0,90.0,0,0
GWL_0264,28.50195,77.06885,217.0,0.29,7.77,963.6,257.3,0,8,0,0.0,0.0,0.0,0.0,0.0,0,0
GWL_0265,28.50222,77.06739,216.5,2.37,8.72,917.7,253.3,0,8,0,0.0,0.0,0.0,0.0,0.0,0,0
GWL_0266,28.50349,77.06651,216.8,1.15,8.57,951.1,249.0,0,8,0,28.0,52.0,85.0,110.0,35.0,0,0
GWL_0267,28.50299,77.06709,217.1,1.96,7.82,981.3,253.8,0,8,0,50.0,92.0,120.0,145.0,60.0,0,0
GWL_0268,28.50155,77.06847,217.1,1.11,8.64,959.1,236.1,0,8,0,40.0,72.0,98.0,115.0,48.0,0,0
GWL_0269,28.50115,77.06858,216.9,0.7,8.18,961.1,232.5,0,8,0,50.0,92.0,120.0,145.0,60.0,0,0
GWL_0270,28.50325,77.06831,216.8,3.39,8.2,967.4,250.0,0,8,0,32.0,58.0,74.0,89.0,40.0,0,0
GWL_0271,28.5025,77.0664,217.1,1.61,7.82,954.0,246.8,0,8,0,62.0,118.0,155.0,185.0,75.0,0,0
GWL_0272,28.50218,77.06806,217.1,0.46,8.39,961.0,255.7,0,8,0,62.0,118.0,155.0,185.0,75.0,0,0
GWL_0273,28.50306,77.06752,217.0,1.24,8.17,977.9,243.8,0,8,0,32.0,58.0,74.0,89.0,40.0,0,0
GWL_0274,28.50167,77.06738,217.1,1.31,7.83,982.0,254.8,0,8,0,28.0,52.0,85.0,110.0,35.0,0,0
GWL_0275,28.5009,77.06662,216.5,1.35,8.35,932.5,249.5,0,8,0,45.0,82.0,115.0,132.0,55.0,0,0
GWL_0276,28.50246,77.06696,217.1,1.76,8.64,978.9,233.8,0,8,0,0.0,0.0,0.0,0.0,0.0,0,0
GWL_0277,28.50263,77.06688,216.9,0.43,7.91,970.7,236.8,0,8,0,40.0,72.0,98.0,115.0,48.0,0,0
GWL_0278,28.50311,77.06674,216.9,2.49,8.25,948.7,236.4,0,8,0,62.0,118.0,155.0,185.0,75.0,0,0
GWL_0279,28.5007,77.06681,216.9,3.3,8.61,967.1,253.7,0,8,0,0.0,0.0,0.0,0.0,0.0,0,0
GWL_0280,28.50259,77.06668,217.1,2.41,8.22,957.9,243.4,0,8,0,62.0,118.0,155.0,185.0,75.0,0,0
GWL_0281,28.50768,77.05519,216.2,1.46,9.0,881.4,392.7,0,7,0,45.0,82.0,115.0,132.0,55.0,0,0
GWL_0282,28.50643,77.05482,216.5,1.12,8.76,914.2,407.3,0,7,0,32.0,58.0,74.0,89.0,40.0,0,0
GWL_0283,28.50856,77.05501,215.8,3.38,8.91,855.2,404.9,0,7,0,0.0,0.0,0.0,0.0,0.0,0,0
GWL_0284,28.50714,77.05522,215.9,2.52,8.68,855.4,387.3,0,7,0,0.0,0.0,0.0,0.0,0.0,0,0
GWL_0285,28.50634,77.05401,216.0,2.17,8.4,872.0,402.3,0,7,0,45.0,82.0,115.0,132.0,55.0,0,0
GWL_0286,28.50644,77.05531,216.5,2.4,8.49,938.2,385.6,0,7,0,62.0,118.0,155.0,185.0,75.0,0,0
GWL_0287,28.50654,77.05332,216.4,0.31,8.52,933.8,405.7,0,7,0,32.0,58.0,74.0,89.0,40.0,0,0
GWL_0288,28.50786,77.05279,216.5,2.18,8.01,906.3,407.3,0,7,0,45.0,82.0,115.0,132.0,55.0,0,0
GWL_0289,28.50831,77.05509,216.5,2.09,8.42,919.7,389.5,0,7,0,6.0,11.0,14.0,18.0,7.0,0,0
GWL_0290,28.5076,77.05492,216.3,3.15,8.42,909.8,398.9,0,7,0,28.0,52.0,85.0,110.0,35.0,0,0
GWL_0291,28.50808,77.05471,216.0,1.89,8.2,875.4,394.6,0,7,0,32.0,58.0,74.0,89.0,40.0,0,0
GWL_0292,28.50826,77.05545,216.3,2.65,8.49,910.9,382.1,0,7,0,40.0,72.0,98.0,115.0,48.0,0,0
GWL_0293,28.50706,77.05369,216.2,0.35,8.16,888.1,409.1,0,7,0,62.0,118.0,155.0,185.0,75.0,0,0
GWL_0294,28.50729,77.05405,216.0,2.22,8.38,868.3,395.5,0,7,0,70.0,125.0,160.0,218.0,85.0,0,0
GWL_0295,28.50632,77.05262,216.0,0.32,8.21,873.6,404.1,0,7,0,0.0,0.0,0.0,0.0,0.0,0,0
GWL_0296,28.50802,77.05414,216.0,3.27,8.5,863.5,398.5,0,7,0,50.0,92.0,120.0,145.0,60.0,0,0
GWL_0297,28.50664,77.05364,216.2,3.08,8.51,905.1,409.8,0,7,0,62.0,118.0,155.0,185.0,75.0,0,0
GWL_0298,28.50669,77.05342,216.1,1.59,8.47,904.8,401.4,0,7,0,40.0,72.0,98.0,115.0,48.0,0,0
GWL_0299,28.50812,77.05353,216.5,3.35,8.72,902.6,399.1,0,7,0,58.0,105.0,142.0,168.0,70.0,0,0
GWL_0300,28.50645,77.05337,215.8,2.19,8.87,847.6,391.5,0,7,0,0.0,0.0,0.0,0.0,0.0,0,0
GWL_0301,28.48327,77.01811,212.2,1.58,10.37,539.8,62.4,0,18,1,0.0,0.0,0.0,0.0,0.0,0,0
GWL_0302,28.48296,77.01983,212.6,2.44,9.82,594.7,60.3,0,18,1,0.0,0.0,0.0,0.0,0.0,0,0
GWL_0303,28.48381,77.01974,212.6,3.08,10.18,575.8,87.1,0,18,1,50.0,92.0,120.0,145.0,60.0,0,0
GWL_0304,28.4821,77.0186,212.2,0.24,10.04,548.8,74.6,0,18,1,62.0,118.0,155.0,185.0,75.0,1,1
GWL_0305,28.48227,77.01868,212.4,2.61,10.19,587.8,80.8,0,18,1,4.0,8.0,12.0,15.0,5.0,0,0
GWL_0306,28.48319,77.01902,212.3,1.21,10.37,563.4,84.0,0,18,1,50.0,92.0,120.0,145.0,60.0,0,0
GWL_0307,28.48437,77.01957,212.8,1.62,9.7,611.3,71.1,0,18,1,4.0,8.0,12.0,15.0,5.0,0,0
GWL_0308,28.4837,77.01912,212.7,1.44,9.59,596.7,64.3,0,18,1,75.0,135.0,180.0,240.0,90.0,1,1
GWL_0309,28.48236,77.01708,212.6,2.3,9.8,573.9,72.3,0,18,1,62.0,118.0,155.0,185.0,75.0,1,1
GWL_0310,28.48372,77.01809,212.3,3.46,10.03,573.0,64.2,0,18,1,32.0,58.0,74.0,89.0,40.0,0,0
GWL_0311,28.48336,77.01708,212.5,3.38,9.88,564.1,60.9,0,18,1,32.0,58.0,74.0,89.0,40.0,0,0
GWL_0312,28.48306,77.01748,212.1,2.7,10.12,540.1,87.0,0,18,1,0.0,0.0,0.0,0.0,0.0,0,0
GWL_0313,28.48225,77.01987,212.4,3.13,10.14,587.1,89.5,0,18,1,75.0,135.0,180.0,240.0,90.0,1,1
GWL_0314,28.48307,77.01816,212.4,1.99,9.69,576.1,76.3,0,18,1,28.0,52.0,85.0,110.0,35.0,0,0
GWL_0315,28.48419,77.0195,212.5,1.2,9.76,570.3,61.7,0,18,1,75.0,135.0,180.0,240.0,90.0,1,1
GWL_0316,28.4848,77.01867,212.4,2.12,9.68,571.8,78.8,0,18,1,75.0,135.0,180.0,240.0,90.0,1,1
GWL_0317,28.48488,77.01964,212.6,2.08,10.08,579.1,71.9,0,18,1,50.0,92.0,120.0,145.0,60.0,0,0
GWL_0318,28.48202,77.01843,212.5,0.95,10.46,598.9,81.7,0,18,1,6.0,11.0,14.0,18.0,7.0,0,0
GWL_0319,28.4835,77.01961,212.2,2.81,9.74,568.8,68.3,0,18,1,0.0,0.0,0.0,0.0,0.0,0,0
GWL_0320,28.48453,77.01983,212.2,1.73,10.6,556.3,85.9,0,18,1,45.0,82.0,115.0,132.0,55.0,0,0
GWL_0321,28.42837,77.01213,210.3,0.87,11.14,391.0,25.3,0,28,1,0.0,0.0,0.0,0.0,0.0,0,0
GWL_0322,28.42808,77.01273,210.8,3.44,10.59,451.1,32.9,0,28,1,0.0,0.0,0.0,0.0,0.0,0,0
GWL_0323,28.42832,77.01387,210.3,0.56,11.23,393.1,35.4,0,28,1,0.0,0.0,0.0,0.0,0.0,0,0
GWL_0324,28.42928,77.01119,210.8,1.68,10.69,443.1,37.8,0,28,1,32.0,58.0,74.0,89.0,40.0,0,0
GWL_0325,28.42666,77.01243,210.7,2.58,10.91,414.9,19.0,0,28,1,45.0,82.0,115.0,132.0,55.0,0,0
GWL_0326,28.42768,77.01341,210.3,0.9,11.34,375.9,39.9,0,28,1,75.0,135.0,180.0,240.0,90.0,1,2
GWL_0327,28.42748,77.01104,210.7,2.95,10.96,415.2,32.6,0,28,1,0.0,0.0,0.0,0.0,0.0,0,0
GWL_0328,28.42891,77.01298,210.7,2.99,10.83,413.0,24.6,0,28,1,28.0,52.0,85.0,110.0,35.0,0,0
GWL_0329,28.42683,77.01222,210.4,0.42,10.69,388.4,34.2,0,28,1,4.0,8.0,12.0,15.0,5.0,0,0
GWL_0330,28.42944,77.01122,210.9,1.92,10.44,429.6,25.0,0,28,1,6.0,11.0,14.0,18.0,7.0,0,0
GWL_0331,28.42898,77.01312,210.1,0.44,10.86,370.3,17.0,0,28,1,32.0,58.0,74.0,89.0,40.0,0,0
GWL_0332,28.42744,77.01341,210.8,1.54,11.09,430.9,24.3,0,28,1,62.0,118.0,155.0,185.0,75.0,1,1
GWL_0333,28.42954,77.01281,210.4,2.34,10.46,419.5,25.1,0,28,1,62.0,118.0,155.0,185.0,75.0,1,1
GWL_0334,28.42847,77.01122,210.6,1.0,10.97,433.9,34.1,0,28,1,62.0,118.0,155.0,185.0,75.0,1,1
GWL_0335,28.42703,77.01333,210.3,1.84,10.66,380.9,28.9,0,28,1,40.0,72.0,98.0,115.0,48.0,0,0
GWL_0336,28.42676,77.01325,210.4,0.2,10.85,385.9,18.3,0,28,1,50.0,92.0,120.0,145.0,60.0,1,1
GWL_0337,28.42912,77.01101,210.3,2.64,10.7,379.6,20.8,0,28,1,58.0,105.0,142.0,168.0,70.0,1,1
GWL_0338,28.42754,77.01337,210.8,1.63,11.09,433.1,38.9,0,28,1,75.0,135.0,180.0,240.0,90.0,1,1
GWL_0339,28.42808,77.01216,210.6,2.52,10.26,407.7,31.4,0,28,1,58.0,105.0,142.0,168.0,70.0,1,1
GWL_0340,28.42888,77.01385,210.7,1.18,10.33,440.8,29.3,0,28,1,70.0,125.0,160.0,218.0,85.0,1,1
GWL_0341,28.47017,76.9925,208.4,1.71,11.35,228.7,111.1,0,20,1,50.0,92.0,120.0,145.0,60.0,1,1
GWL_0342,28.46855,76.99347,208.8,0.9,11.64,266.9,126.4,0,20,1,62.0,118.0,155.0,185.0,75.0,1,1
GWL_0343,28.46912,76.99189,208.2,2.35,11.96,209.6,119.3,0,20,1,6.0,11.0,14.0,18.0,7.0,0,0
GWL_0344,28.46849,76.99314,208.3,3.14,11.47,220.2,101.7,0,20,1,32.0,58.0,74.0,89.0,40.0,0,0
GWL_0345,28.46763,76.99255,208.3,2.96,11.19,220.7,110.1,0,20,1,50.0,92.0,120.0,145.0,60.0,1,1
GWL_0346,28.46854,76.99248,208.4,1.95,11.74,214.4,113.9,0,20,1,4.0,8.0,12.0,15.0,5.0,0,0
GWL_0347,28.47019,76.99256,208.6,1.23,11.83,261.9,115.6,0,20,1,6.0,11.0,14.0,18.0,7.0,0,0
GWL_0348,28.47023,76.99138,208.1,2.74,12.07,193.3,108.0,0,20,1,6.0,11.0,14.0,18.0,7.0,0,0
GWL_0349,28.46735,76.99188,208.7,1.91,11.37,254.4,100.0,0,20,1,40.0,72.0,98.0,115.0,48.0,0,0
GWL_0350,28.4682,76.99294,208.9,3.0,10.96,292.4,123.5,0,20,1,32.0,58.0,74.0,89.0,40.0,0,0
GWL_0351,28.46964,76.99237,208.4,1.2,11.21,223.1,107.4,0,20,1,45.0,82.0,115.0,132.0,55.0,0,0
GWL_0352,28.46875,76.99324,208.5,0.39,12.06,260.2,123.6,0,20,1,0.0,0.0,0.0,0.0,0.0,0,0
GWL_0353,28.47027,76.99263,208.9,0.45,11.31,265.5,105.9,0,20,1,40.0,72.0,98.0,115.0,48.0,0,0
GWL_0354,28.46772,76.99287,208.7,2.11,11.17,271.9,119.1,0,20,1,6.0,11.0,14.0,18.0,7.0,0,0
GWL_0355,28.46846,76.99302,208.3,1.34,12.1,217.1,114.1,0,20,1,45.0,82.0,115.0,132.0,55.0,0,0
GWL_0356,28.46997,76.99312,208.1,0.69,11.27,213.7,113.4,0,20,1,32.0,58.0,74.0,89.0,40.0,0,0
GWL_0357,28.4677,76.99387,208.5,1.0,11.6,249.7,102.3,0,20,1,4.0,8.0,12.0,15.0,5.0,0,0
GWL_0358,28.46812,76.99342,208.5,2.0,11.53,224.3,105.0,0,20,1,6.0,11.0,14.0,18.0,7.0,0,0
GWL_0359,28.46864,76.99163,208.1,2.98,12.24,220.2,125.6,0,20,1,62.0,118.0,155.0,185.0,75.0,1,1
GWL_0360,28.46789,76.99385,208.9,2.55,11.92,279.3,107.8,0,20,1,58.0,105.0,142.0,168.0,70.0,1,1
GWL_0361,28.38792,77.02927,209.8,0.83,11.37,369.3,148.3,0,17,1,75.0,135.0,180.0,240.0,90.0,1,1
GWL_0362,28.39063,77.02967,209.1,1.77,11.58,283.4,139.2,0,17,1,50.0,92.0,120.0,145.0,60.0,1,1
GWL_0363,28.3894,77.02971,209.4,0.24,10.75,313.3,147.8,0,17,1,50.0,92.0,120.0,145.0,60.0,0,0
GWL_0364,28.38839,77.0293,209.2,1.26,11.67,311.2,122.9,0,17,1,62.0,118.0,155.0,185.0,75.0,1,1
GWL_0365,28.38914,77.02939,209.1,1.15,11.26,310.3,149.8,0,17,1,6.0,11.0,14.0,18.0,7.0,0,0
GWL_0366,28.38783,77.02968,209.3,1.5,11.53,327.2,148.5,0,17,1,75.0,135.0,180.0,240.0,90.0,1,1
GWL_0367,28.39006,77.02815,209.5,1.38,11.36,317.1,125.7,0,17,1,45.0,82.0,115.0,132.0,55.0,0,0
GWL_0368,28.39045,77.02771,209.4,0.93,10.78,300.4,125.3,0,17,1,58.0,105.0,142.0,168.0,70.0,1,1
GWL_0369,28.39055,77.02914,209.3,2.11,11.3,320.9,128.5,0,17,1,75.0,135.0,180.0,240.0,90.0,1,1
GWL_0370,28.39054,77.03008,209.3,2.78,11.26,310.4,126.1,0,17,1,45.0,82.0,115.0,132.0,55.0,0,0
GWL_0371,28.38947,77.02796,209.3,3.02,10.99,293.3,122.1,0,17,1,75.0,135.0,180.0,240.0,90.0,1,1
GWL_0372,28.38893,77.02983,209.7,1.3,11.31,355.3,139.6,0,17,1,70.0,125.0,160.0,218.0,85.0,1,1
GWL_0373,28.38932,77.02825,209.3,0.32,10.91,321.1,120.0,0,17,1,4.0,8.0,12.0,15.0,5.0,0,0
GWL_0374,28.38895,77.02897,209.0,3.41,11.13,277.2,129.1,0,17,1,4.0,8.0,12.0,15.0,5.0,0,0
GWL_0375,28.38839,77.0274,209.6,3.39,10.88,342.5,142.3,0,17,1,50.0,92.0,120.0,145.0,60.0,0,0
GWL_0376,28.39025,77.02867,209.2,1.27,11.53,314.7,125.4,0,17,1,70.0,125.0,160.0,218.0,85.0,1,1
GWL_0377,28.39012,77.03035,209.6,1.5,11.25,342.4,122.4,0,17,1,75.0,135.0,180.0,240.0,90.0,1,1
GWL_0378,28.3882,77.02974,209.5,3.34,10.74,318.1,138.0,0,17,1,0.0,0.0,0.0,0.0,0.0,0,0
GWL_0379,28.38859,77.02954,209.6,0.54,11.17,336.4,131.1,0,17,1,0.0,0.0,0.0,0.0,0.0,0,0
GWL_0380,28.3905,77.02988,209.6,2.56,11.12,352.8,140.8,0,17,1,4.0,8.0,12.0,15.0,5.0,0,0
GWL_0381,28.38519,77.01609,208.6,2.86,11.26,244.8,80.1,0,15,1,40.0,72.0,98.0,115.0,48.0,0,0
GWL_0382,28.38594,77.01607,209.0,2.6,11.46,302.9,84.9,0,15,1,0.0,0.0,0.0,0.0,0.0,0,0
GWL_0383,28.38414,77.01399,209.0,2.62,11.28,266.0,95.2,0,15,1,0.0,0.0,0.0,0.0,0.0,0,0
GWL_0384,28.38303,77.01561,209.2,1.64,11.05,310.2,94.5,0,15,1,50.0,92.0,120.0,145.0,60.0,1,1
GWL_0385,28.38316,77.01501,209.0,3.05,11.08,297.0,86.6,0,15,1,58.0,105.0,142.0,168.0,70.0,1,1
GWL_0386,28.3856,77.01397,208.6,1.16,11.93,257.9,93.9,0,15,1,62.0,118.0,155.0,185.0,75.0,1,1
GWL_0387,28.38472,77.016,209.1,0.24,11.53,275.6,86.5,0,15,1,70.0,125.0,160.0,218.0,85.0,1,1
GWL_0388,28.38406,77.01536,208.7,2.62,11.42,242.2,93.5,0,15,1,62.0,118.0,155.0,185.0,75.0,1,1
GWL_0389,28.38506,77.0145,208.4,1.43,12.08,239.7,90.1,0,15,1,45.0,82.0,115.0,132.0,55.0,1,1
GWL_0390,28.38426,77.01575,208.5,1.12,11.38,239.8,99.4,0,15,1,0.0,0.0,0.0,0.0,0.0,0,0
GWL_0391,28.3832,77.01506,208.5,3.4,11.21,238.6,92.1,0,15,1,0.0,0.0,0.0,0.0,0.0,0,0
GWL_0392,28.38511,77.01477,208.7,1.51,11.28,247.7,84.5,0,15,1,40.0,72.0,98.0,115.0,48.0,0,0
GWL_0393,28.38381,77.01436,208.9,3.4,11.54,259.6,72.3,0,15,1,45.0,82.0,115.0,132.0,55.0,0,0
GWL_0394,28.38585,77.01439,208.5,2.18,11.72,248.4,78.0,0,15,1,0.0,0.0,0.0,0.0,0.0,0,0
GWL_0395,28.38305,77.0164,208.6,2.43,11.77,255.4,79.4,0,15,1,28.0,52.0,85.0,110.0,35.0,0,0
GWL_0396,28.38381,77.01529,209.1,3.32,10.97,279.7,98.3,0,15,1,45.0,82.0,115.0,132.0,55.0,0,0
GWL_0397,28.38521,77.01615,208.6,2.14,11.76,258.2,82.2,0,15,1,45.0,82.0,115.0,132.0,55.0,1,1
GWL_0398,28.38376,77.01485,209.2,1.52,11.66,289.5,90.2,0,15,1,0.0,0.0,0.0,0.0,0.0,0,0
GWL_0399,28.38593,77.01381,208.4,1.63,11.23,243.9,97.4,0,15,1,50.0,92.0,120.0,145.0,60.0,1,1
GWL_0400,28.3843,77.01567,208.4,2.15,11.75,239.5,77.3,0,15,1,40.0,72.0,98.0,115.0,48.0,0,0
GWL_0401,28.43274,77.10127,224.3,3.1,5.52,1566.0,417.5,0,5,0,6.0,11.0,14.0,18.0,7.0,0,0
GWL_0402,28.43124,77.10181,224.3,0.41,5.24,1594.8,428.2,0,5,0,40.0,72.0,98.0,115.0,48.0,0,0
GWL_0403,28.43262,77.10124,224.9,2.97,5.35,1649.4,438.0,0,5,0,58.0,105.0,142.0,168.0,70.0,0,0
GWL_0404,28.43223,77.1016,224.6,2.65,5.4,1611.9,412.1,0,5,0,45.0,82.0,115.0,132.0,55.0,0,0
GWL_0405,28.43171,77.10376,224.6,1.98,4.93,1605.7,436.9,0,5,0,40.0,72.0,98.0,115.0,48.0,0,0
GWL_0406,28.4326,77.10336,224.5,2.28,4.95,1610.7,422.8,0,5,0,32.0,58.0,74.0,89.0,40.0,0,0
GWL_0407,28.43193,77.10295,224.8,0.41,5.4,1619.7,423.3,0,5,0,6.0,11.0,14.0,18.0,7.0,0,0
GWL_0408,28.43067,77.1019,224.5,0.39,5.19,1619.6,413.2,0,5,0,58.0,105.0,142.0,168.0,70.0,0,0
GWL_0409,28.43289,77.10223,224.6,1.06,4.82,1597.4,412.1,0,5,0,32.0,58.0,74.0,89.0,40.0,0,0
GWL_0410,28.43116,77.10299,224.8,2.89,5.27,1612.4,418.7,0,5,0,0.0,0.0,0.0,0.0,0.0,0,0
GWL_0411,28.43153,77.10175,224.5,1.97,5.06,1596.7,434.9,0,5,0,32.0,58.0,74.0,89.0,40.0,0,0
GWL_0412,28.43297,77.10192,224.8,3.34,4.91,1622.2,425.2,0,5,0,0.0,0.0,0.0,0.0,0.0,0,0
GWL_0413,28.43342,77.10363,224.2,1.5,5.37,1577.1,415.8,0,5,0,6.0,11.0,14.0,18.0,7.0,0,0
GWL_0414,28.43318,77.10303,224.8,3.03,5.33,1625.6,428.3,0,5,0,62.0,118.0,155.0,185.0,75.0,0,0
GWL_0415,28.43108,77.10302,224.2,2.49,5.05,1561.7,415.0,0,5,0,75.0,135.0,180.0,240.0,90.0,0,0
GWL_0416,28.43061,77.10316,224.7,1.9,4.78,1602.8,410.6,0,5,0,32.0,58.0,74.0,89.0,40.0,0,0
GWL_0417,28.4311,77.10367,224.3,1.37,4.89,1574.4,425.6,0,5,0,0.0,0.0,0.0,0.0,0.0,0,0
GWL_0418,28.43242,77.10174,224.1,1.49,5.09,1557.3,438.8,0,5,0,62.0,118.0,155.0,185.0,75.0,0,0
GWL_0419,28.43245,77.10267,224.4,1.62,5.28,1601.9,431.1,0,5,0,0.0,0.0,0.0,0.0,0.0,0,0
GWL_0420,28.43112,77.1025,224.4,3.07,5.37,1595.3,413.5,0,5,0,0.0,0.0,0.0,0.0,0.0,0,0
GWL_0421,28.42712,77.08525,220.9,0.67,6.83,1284.8,231.8,0,11,0,45.0,82.0,115.0,132.0,55.0,0,0
GWL_0422,28.42799,77.08551,221.0,1.58,6.12,1316.7,222.1,0,11,0,0.0,0.0,0.0,0.0,0.0,0,0
GWL_0423,28.42672,77.08658,221.1,2.47,6.31,1293.9,241.7,0,11,0,32.0,58.0,74.0,89.0,40.0,0,0
GWL_0424,28.42691,77.08741,221.3,2.98,6.47,1323.8,243.7,0,11,0,75.0,135.0,180.0,240.0,90.0,0,0
GWL_0425,28.42665,77.08545,221.3,3.11,6.45,1313.5,231.6,0,11,0,0.0,0.0,0.0,0.0,0.0,0,0
GWL_0426,28.42771,77.08761,220.8,0.42,7.06,1283.6,236.3,0,11,0,0.0,0.0,0.0,0.0,0.0,0,0
GWL_0427,28.4282,77.0851,221.1,0.44,6.44,1325.7,233.0,0,11,0,0.0,0.0,0.0,0.0,0.0,0,0
GWL_0428,28.42829,77.08658,220.9,0.93,6.49,1291.4,222.1,0,11,0,40.0,72.0,98.0,115.0,48.0,0,0
GWL_0429,28.42641,77.08629,221.2,2.37,6.73,1302.3,226.5,0,11,0,28.0,52.0,85.0,110.0,35.0,0,0
GWL_0430,28.42729,77.08635,220.6,2.85,7.03,1272.9,222.0,0,11,0,70.0,125.0,160.0,218.0,85.0,0,0
GWL_0431,28.4276,77.08665,221.2,2.68,6.82,1322.7,224.2,0,11,0,62.0,118.0,155.0,185.0,75.0,0,0
GWL_0432,28.42731,77.08676,221.2,0.76,6.21,1337.6,242.5,0,11,0,0.0,0.0,0.0,0.0,0.0,0,0
GWL_0433,28.42802,77.08718,221.1,2.36,6.95,1316.7,239.0,0,11,0,0.0,0.0,0.0,0.0,0.0,0,0
GWL_0434,28.42577,77.08632,221.2,1.09,6.22,1314.6,227.2,0,11,0,28.0,52.0,85.0,110.0,35.0,0,0
GWL_0435,28.42594,77.08617,221.3,1.87,6.17,1313.6,240.9,0,11,0,62.0,118.0,155.0,185.0,75.0,0,0
GWL_0436,28.42645,77.08737,221.1,2.83,6.33,1321.2,227.9,0,11,0,70.0,125.0,160.0,218.0,85.0,0,0
GWL_0437,28.42812,77.08681,220.9,1.09,6.33,1304.3,226.6,0,11,0,75.0,135.0,180.0,240.0,90.0,0,0
GWL_0438,28.42709,77.08569,221.1,2.89,6.84,1323.9,225.6,0,11,0,58.0,105.0,142.0,168.0,70.0,0,0
GWL_0439,28.42557,77.087,220.9,1.63,6.17,1286.9,221.0,0,11,0,0.0,0.0,0.0,0.0,0.0,0,0
GWL_0440,28.42794,77.08563,221.0,0.33,6.77,1297.9,246.9,0,11,0,0.0,0.0,0.0,0.0,0.0,0,0
GWL_0441,28.36966,77.05068,208.4,3.49,11.97,247.8,22.5,0,24,1,70.0,125.0,160.0,218.0,85.0,1,2
GWL_0442,28.36728,77.0527,208.0,2.67,12.11,214.3,44.9,0,24,1,50.0,92.0,120.0,145.0,60.0,1,1
GWL_0443,28.36823,77.05009,207.7,1.39,12.2,177.1,24.4,0,24,1,28.0,52.0,85.0,110.0,35.0,0,0
GWL_0444,28.36896,77.0504,207.7,2.72,12.04,185.0,16.2,0,24,1,4.0,8.0,12.0,15.0,5.0,0,0
GWL_0445,28.36951,77.05156,208.2,2.26,12.08,220.5,32.4,0,24,1,32.0,58.0,74.0,89.0,40.0,0,0
GWL_0446,28.36997,77.05197,208.1,2.53,11.65,197.7,32.9,0,24,1,45.0,82.0,115.0,132.0,55.0,1,1
GWL_0447,28.36803,77.05128,207.9,3.49,12.32,197.5,39.1,0,24,1,50.0,92.0,120.0,145.0,60.0,1,1
GWL_0448,28.36716,77.05106,208.2,2.44,11.59,234.7,20.0,0,24,1,0.0,0.0,0.0,0.0,0.0,0,0
GWL_0449,28.3685,77.05177,208.3,2.34,11.46,211.7,34.1,0,24,1,0.0,0.0,0.0,0.0,0.0,0,0
GWL_0450,28.3688,77.05024,208.3,1.7,11.85,239.0,20.1,0,24,1,32.0,58.0,74.0,89.0,40.0,0,0
GWL_0451,28.36706,77.05204,208.2,2.51,12.06,229.1,43.8,0,24,1,32.0,58.0,74.0,89.0,40.0,0,0
GWL_0452,28.36861,77.05117,208.0,0.71,11.87,191.1,42.6,0,24,1,40.0,72.0,98.0,115.0,48.0,0,0
GWL_0453,28.36875,77.05148,208.0,0.37,11.33,196.9,17.5,0,24,1,62.0,118.0,155.0,185.0,75.0,1,2
GWL_0454,28.36965,77.05168,207.9,3.05,12.23,179.4,37.1,0,24,1,40.0,72.0,98.0,115.0,48.0,1,1
GWL_0455,28.36999,77.04979,208.4,2.25,12.11,232.6,40.4,0,24,1,70.0,125.0,160.0,218.0,85.0,1,2
GWL_0456,28.3672,77.05263,208.4,3.01,12.08,217.4,26.6,0,24,1,58.0,105.0,142.0,168.0,70.0,1,1
GWL_0457,28.36769,77.05111,207.9,0.53,11.51,177.4,44.2,0,24,1,28.0,52.0,85.0,110.0,35.0,0,0
GWL_0458,28.36928,77.0526,208.1,1.12,12.06,201.6,24.0,0,24,1,32.0,58.0,74.0,89.0,40.0,0,0
GWL_0459,28.3677,77.05009,207.9,1.37,12.01,174.0,21.3,0,24,1,62.0,118.0,155.0,185.0,75.0,1,2
GWL_0460,28.36803,77.05229,207.8,0.47,11.86,175.1,31.9,0,24,1,28.0,52.0,85.0,110.0,35.0,0,0
GWL_0461,28.48941,76.97301,207.3,1.87,11.72,145.5,158.2,0,12,1,70.0,125.0,160.0,218.0,85.0,1,2
GWL_0462,28.48838,76.97352,207.5,0.39,11.92,155.8,171.8,0,12,1,58.0,105.0,142.0,168.0,70.0,1,1
GWL_0463,28.48933,76.97519,207.1,1.98,12.5,143.1,176.7,0,12,1,50.0,92.0,120.0,145.0,60.0,1,1
GWL_0464,28.48847,76.97482,207.2,1.79,12.46,126.5,175.8,0,12,1,6.0,11.0,14.0,18.0,7.0,0,0
GWL_0465,28.48822,76.97358,207.2,2.72,11.75,119.9,178.5,0,12,1,40.0,72.0,98.0,115.0,48.0,0,0
GWL_0466,28.48753,76.9743,207.3,1.82,12.22,129.7,166.6,0,12,1,0.0,0.0,0.0,0.0,0.0,0,0
GWL_0467,28.48812,76.97459,206.9,2.08,11.93,97.6,156.6,0,12,1,70.0,125.0,160.0,218.0,85.0,1,2
GWL_0468,28.48786,76.97538,207.6,2.09,11.6,161.0,173.9,0,12,1,0.0,0.0,0.0,0.0,0.0,0,0
GWL_0469,28.4881,76.97286,207.2,2.99,12.42,119.0,170.2,0,12,1,4.0,8.0,12.0,15.0,5.0,0,0
GWL_0470,28.48766,76.97325,207.5,1.02,11.76,137.5,176.1,0,12,1,0.0,0.0,0.0,0.0,0.0,0,0
GWL_0471,28.48938,76.97448,207.4,0.7,12.0,143.0,152.8,0,12,1,40.0,72.0,98.0,115.0,48.0,0,0
GWL_0472,28.48846,76.97536,206.8,1.16,11.99,87.5,177.3,0,12,1,45.0,82.0,115.0,132.0,55.0,1,1
GWL_0473,28.48928,76.97306,207.2,1.62,12.22,152.0,173.1,0,12,1,0.0,0.0,0.0,0.0,0.0,0,0
GWL_0474,28.48819,76.97508,206.9,0.3,11.94,100.1,165.3,0,12,1,6.0,11.0,14.0,18.0,7.0,0,0
GWL_0475,28.48885,76.97533,207.2,1.85,11.67,113.4,166.5,0,12,1,40.0,72.0,98.0,115.0,48.0,0,0
GWL_0476,28.48831,76.97512,206.9,0.28,12.19,96.0,151.5,0,12,1,70.0,125.0,160.0,218.0,85.0,1,2
GWL_0477,28.48882,76.97344,206.9,1.45,12.54,102.2,172.5,0,12,1,0.0,0.0,0.0,0.0,0.0,0,0
GWL_0478,28.48738,76.97492,207.0,2.44,12.27,132.2,161.6,0,12,1,32.0,58.0,74.0,89.0,40.0,0,0
GWL_0479,28.4872,76.97266,207.5,1.93,12.28,146.9,160.4,0,12,1,58.0,105.0,142.0,168.0,70.0,1,1
GWL_0480,28.489,76.9754,207.0,2.22,12.38,107.7,175.4,0,12,1,70.0,125.0,160.0,218.0,85.0,1,2
GWL_0481,28.49892,76.98493,206.6,3.38,11.87,89.6,101.2,0,14,1,32.0,58.0,74.0,89.0,40.0,0,0
GWL_0482,28.49857,76.98707,206.6,1.32,11.94,78.7,87.8,0,14,1,32.0,58.0,74.0,89.0,40.0,0,0
GWL_0483,28.49773,76.9866,207.1,0.81,12.03,140.6,81.9,0,14,1,0.0,0.0,0.0,0.0,0.0,0,0
GWL_0484,28.49698,76.98459,206.9,0.7,12.71,104.4,95.0,0,14,1,40.0,72.0,98.0,115.0,48.0,1,1
GWL_0485,28.49869,76.98635,207.0,2.11,12.6,127.7,102.7,0,14,1,58.0,105.0,142.0,168.0,70.0,1,1
GWL_0486,28.49734,76.98609,206.7,1.53,12.7,105.3,107.3,0,14,1,70.0,125.0,160.0,218.0,85.0,1,2
GWL_0487,28.49751,76.98467,206.5,1.33,12.33,85.7,83.6,0,14,1,70.0,125.0,160.0,218.0,85.0,1,2
GWL_0488,28.49756,76.98558,206.6,2.17,12.29,67.6,83.5,0,14,1,0.0,0.0,0.0,0.0,0.0,0,0
GWL_0489,28.49834,76.98681,206.7,2.62,12.48,106.8,104.6,0,14,1,62.0,118.0,155.0,185.0,75.0,1,2
GWL_0490,28.4994,76.9853,206.7,0.24,12.65,101.5,83.1,0,14,1,0.0,0.0,0.0,0.0,0.0,0,0
GWL_0491,28.49843,76.98549,206.5,3.44,12.11,55.2,97.8,0,14,1,28.0,52.0,85.0,110.0,35.0,0,0
GWL_0492,28.49892,76.9842,206.9,1.96,11.84,93.4,97.0,0,14,1,62.0,118.0,155.0,185.0,75.0,1,2
GWL_0493,28.49916,76.98705,206.6,3.4,12.29,74.9,81.5,0,14,1,0.0,0.0,0.0,0.0,0.0,0,0
GWL_0494,28.49686,76.98618,206.8,0.95,12.39,88.1,97.3,0,14,1,0.0,0.0,0.0,0.0,0.0,0,0
GWL_0495,28.49778,76.98657,207.1,1.78,12.01,118.0,104.2,0,14,1,6.0,11.0,14.0,18.0,7.0,0,0
GWL_0496,28.49768,76.98473,206.5,1.74,12.38,86.1,86.6,0,14,1,70.0,125.0,160.0,218.0,85.0,1,2
GWL_0497,28.49917,76.98525,206.8,1.2,12.71,82.7,108.0,0,14,1,40.0,72.0,98.0,115.0,48.0,1,1
GWL_0498,28.4968,76.98553,206.7,0.73,12.48,108.3,96.9,0,14,1,50.0,92.0,120.0,145.0,60.0,1,1
GWL_0499,28.49795,76.98445,206.9,3.3,12.4,89.6,90.6,0,14,1,70.0,125.0,160.0,218.0,85.0,1,2
GWL_0500,28.4992,76.98654,206.9,1.43,12.0,90.7,90.6,0,14,1,6.0,11.0,14.0,18.0,7.0,0,0
GWL_0501,28.52124,77.01173,206.2,0.43,12.42,34.3,99.7,0,16,1,45.0,82.0,115.0,132.0,55.0,1,1
GWL_0502,28.52126,77.0102,206.4,2.04,12.17,64.1,116.9,0,16,1,32.0,58.0,74.0,89.0,40.0,0,0
GWL_0503,28.52287,77.01036,206.4,3.28,12.86,69.4,113.9,0,16,1,0.0,0.0,0.0,0.0,0.0,0,0
GWL_0504,28.52121,77.01196,206.1,2.44,12.49,47.8,119.7,0,16,1,75.0,135.0,180.0,240.0,90.0,1,2
GWL_0505,28.52162,77.01223,206.0,1.45,13.02,20.0,120.3,0,16,1,6.0,11.0,14.0,18.0,7.0,0,0
GWL_0506,28.52145,77.01124,205.9,2.09,12.47,20.1,103.2,0,16,1,70.0,125.0,160.0,218.0,85.0,1,2
GWL_0507,28.5229,77.01089,206.3,1.34,12.65,67.7,123.4,0,16,1,45.0,82.0,115.0,132.0,55.0,1,1
GWL_0508,28.5208,77.01267,205.7,2.19,12.88,63.0,98.6,0,16,1,45.0,82.0,115.0,132.0,55.0,1,1
GWL_0509,28.52187,77.01037,205.9,2.0,12.56,24.9,100.1,0,16,1,28.0,52.0,85.0,110.0,35.0,0,0
GWL_0510,28.52125,77.01197,206.4,0.48,12.33,48.0,95.5,0,16,1,4.0,8.0,12.0,15.0,5.0,0,0
GWL_0511,28.52199,77.01151,205.8,0.97,12.2,60.4,124.2,0,16,1,58.0,105.0,142.0,168.0,70.0,1,1
GWL_0512,28.52261,77.01248,206.0,0.37,12.14,33.0,106.8,0,16,1,0.0,0.0,0.0,0.0,0.0,0,0
GWL_0513,28.52009,77.01145,205.7,2.8,12.53,37.1,112.7,0,16,1,70.0,125.0,160.0,218.0,85.0,1,2
GWL_0514,28.52163,77.01053,206.3,1.1,12.88,50.5,111.5,0,16,1,58.0,105.0,142.0,168.0,70.0,1,1
GWL_0515,28.5225,77.01212,205.9,0.95,12.96,55.7,97.9,0,16,1,0.0,0.0,0.0,0.0,0.0,0,0
GWL_0516,28.52135,77.01071,206.4,0.48,12.15,74.1,96.5,0,16,1,50.0,92.0,120.0,145.0,60.0,1,1
GWL_0517,28.521,77.01088,206.1,0.73,12.63,50.7,117.8,0,16,1,40.0,72.0,98.0,115.0,48.0,1,1
GWL_0518,28.5208,77.01078,206.0,2.44,12.16,11.4,106.8,0,16,1,0.0,0.0,0.0,0.0,0.0,0,0
GWL_0519,28.52209,77.01028,206.2,1.06,12.91,62.8,103.9,0,16,1,75.0,135.0,180.0,240.0,90.0,1,2
GWL_0520,28.52072,77.01172,206.4,2.42,12.76,59.9,99.7,0,16,1,40.0,72.0,98.0,115.0,48.0,1,1
GWL_0521,28.39901,76.96131,207.2,3.48,11.78,151.5,369.3,0,6,0,45.0,82.0,115.0,132.0,55.0,0,0
GWL_0522,28.39938,76.96248,207.6,3.06,11.75,164.7,358.6,0,6,0,32.0,58.0,74.0,89.0,40.0,0,0
GWL_0523,28.39823,76.96178,207.4,2.06,12.39,137.1,368.0,0,6,0,32.0,58.0,74.0,89.0,40.0,0,0
GWL_0524,28.39907,76.96297,207.5,2.77,11.52,170.2,341.2,0,6,0,0.0,0.0,0.0,0.0,0.0,0,0
GWL_0525,28.39967,76.96348,207.3,0.89,12.35,130.6,366.0,0,6,0,58.0,105.0,142.0,168.0,70.0,0,0
GWL_0526,28.39731,76.96088,207.9,2.42,12.19,184.5,360.3,0,6,0,40.0,72.0,98.0,115.0,48.0,0,0
GWL_0527,28.39878,76.96231,207.6,2.1,11.89,157.0,363.1,0,6,0,45.0,82.0,115.0,132.0,55.0,0,0
GWL_0528,28.39768,76.96258,207.3,2.26,12.33,129.2,341.8,0,6,0,6.0,11.0,14.0,18.0,7.0,0,0
GWL_0529,28.39739,76.96232,207.8,0.35,12.11,176.7,354.4,0,6,0,28.0,52.0,85.0,110.0,35.0,0,0
GWL_0530,28.39979,76.9615,207.5,0.25,11.58,147.8,340.8,0,6,0,0.0,0.0,0.0,0.0,0.0,0,0
GWL_0531,28.39889,76.96178,207.5,0.78,11.8,164.1,369.0,0,6,0,40.0,72.0,98.0,115.0,48.0,0,0
GWL_0532,28.39715,76.96317,207.6,2.06,11.96,148.8,342.7,0,6,0,58.0,105.0,142.0,168.0,70.0,0,0
GWL_0533,28.3988,76.96152,207.8,1.54,11.52,191.6,348.8,0,6,0,75.0,135.0,180.0,240.0,90.0,0,0
GWL_0534,28.39858,76.96259,207.8,2.81,12.06,190.2,368.4,0,6,0,58.0,105.0,142.0,168.0,70.0,0,0
GWL_0535,28.39789,76.9605,207.3,0.92,12.24,145.8,357.8,0,6,0,45.0,82.0,115.0,132.0,55.0,0,0
GWL_0536,28.39705,76.96269,207.4,2.39,12.1,142.7,344.0,0,6,0,70.0,125.0,160.0,218.0,85.0,0,0
GWL_0537,28.39728,76.96299,207.8,2.34,11.48,179.1,361.9,0,6,0,28.0,52.0,85.0,110.0,35.0,0,0
GWL_0538,28.39934,76.96085,207.1,2.55,12.02,113.7,340.4,0,6,0,4.0,8.0,12.0,15.0,5.0,0,0
GWL_0539,28.39862,76.96305,207.9,2.07,11.85,174.9,356.5,0,6,0,6.0,11.0,14.0,18.0,7.0,0,0
GWL_0540,28.39814,76.96232,207.4,0.99,11.63,141.6,342.9,0,6,0,45.0,82.0,115.0,132.0,55.0,0,0
GWL_0541,28.35523,76.93946,218.4,1.96,8.01,1103.8,157.5,0,13,1,28.0,52.0,85.0,110.0,35.0,0,0
GWL_0542,28.35714,76.93748,218.2,1.53,7.89,1074.3,149.5,0,13,1,62.0,118.0,155.0,185.0,75.0,0,0
GWL_0543,28.3551,76.9384,218.1,2.11,7.95,1066.5,162.6,0,13,1,0.0,0.0,0.0,0.0,0.0,0,0
GWL_0544,28.35732,76.938,218.6,2.24,7.25,1082.0,148.5,0,13,1,62.0,118.0,155.0,185.0,75.0,0,0
GWL_0545,28.35603,76.93835,218.7,0.85,7.15,1128.0,143.2,0,13,1,0.0,0.0,0.0,0.0,0.0,0,0
GWL_0546,28.35614,76.93826,218.4,0.48,7.2,1068.2,157.6,0,13,1,32.0,58.0,74.0,89.0,40.0,0,0
GWL_0547,28.35633,76.9372,218.5,2.91,7.14,1092.4,160.7,0,13,1,28.0,52.0,85.0,110.0,35.0,0,0
GWL_0548,28.35546,76.93742,218.5,3.16,7.91,1095.8,161.9,0,13,1,4.0,8.0,12.0,15.0,5.0,0,0
GWL_0549,28.35579,76.93842,218.4,0.83,7.84,1086.3,150.8,0,13,1,40.0,72.0,98.0,115.0,48.0,0,0
GWL_0550,28.35743,76.93656,218.3,0.39,7.95,1083.6,149.9,0,13,1,6.0,11.0,14.0,18.0,7.0,0,0
GWL_0551,28.35673,76.93769,218.6,1.7,7.47,1118.4,147.5,0,13,1,75.0,135.0,180.0,240.0,90.0,0,0
GWL_0552,28.35506,76.93825,218.8,1.45,7.04,1111.6,155.2,0,13,1,0.0,0.0,0.0,0.0,0.0,0,0
GWL_0553,28.35519,76.93847,218.8,1.69,7.33,1114.0,143.5,0,13,1,0.0,0.0,0.0,0.0,0.0,0,0
GWL_0554,28.35735,76.93774,218.3,2.38,7.62,1081.4,141.8,0,13,1,58.0,105.0,142.0,168.0,70.0,0,0
GWL_0555,28.35714,76.93932,218.5,3.35,7.25,1091.6,158.1,0,13,1,62.0,118.0,155.0,185.0,75.0,0,0
GWL_0556,28.35645,76.9377,218.3,0.62,7.57,1062.0,162.0,0,13,1,6.0,11.0,14.0,18.0,7.0,0,0
GWL_0557,28.35533,76.93668,218.4,2.16,8.01,1087.1,150.4,0,13,1,58.0,105.0,142.0,168.0,70.0,0,0
GWL_0558,28.35711,76.93812,218.1,2.07,8.17,1054.4,148.9,0,13,1,4.0,8.0,12.0,15.0,5.0,0,0
GWL_0559,28.35513,76.93695,218.3,2.17,7.26,1093.1,162.7,0,13,1,4.0,8.0,12.0,15.0,5.0,0,0
GWL_0560,28.35646,76.93899,218.1,1.77,7.89,1071.6,163.5,0,13,1,58.0,105.0,142.0,168.0,70.0,0,0
GWL_0561,28.34143,76.92282,219.8,3.09,7.55,1190.1,491.7,0,4,0,75.0,135.0,180.0,240.0,90.0,0,0
GWL_0562,28.34072,76.92122,220.1,2.12,7.4,1235.4,484.4,0,4,0,45.0,82.0,115.0,132.0,55.0,0,0
GWL_0563,28.34303,76.92285,219.7,3.44,6.71,1207.1,478.4,0,4,0,58.0,105.0,142.0,168.0,70.0,0,0
GWL_0564,28.341,76.92132,220.2,1.46,6.47,1241.0,497.1,0,4,0,0.0,0.0,0.0,0.0,0.0,0,0
GWL_0565,28.34175,76.92065,220.1,0.36,7.28,1241.6,487.6,0,4,0,28.0,52.0,85.0,110.0,35.0,0,0
GWL_0566,28.34166,76.9224,220.1,2.93,7.09,1239.9,488.0,0,4,0,4.0,8.0,12.0,15.0,5.0,0,0
GWL_0567,28.34184,76.92287,220.1,2.2,6.68,1233.5,487.1,0,4,0,75.0,135.0,180.0,240.0,90.0,0,0
GWL_0568,28.34115,76.92018,220.2,2.72,6.94,1226.1,490.0,0,4,0,4.0,8.0,12.0,15.0,5.0,0,0
GWL_0569,28.34084,76.92133,219.8,0.81,6.78,1198.5,471.5,0,4,0,0.0,0.0,0.0,0.0,0.0,0,0
GWL_0570,28.34179,76.92154,220.1,1.46,7.3,1214.3,485.2,0,4,0,6.0,11.0,14.0,18.0,7.0,0,0
GWL_0571,28.34079,76.92021,220.2,2.07,7.3,1239.3,498.8,0,4,0,0.0,0.0,0.0,0.0,0.0,0,0
GWL_0572,28.34075,76.92029,219.7,0.81,7.16,1200.3,471.4,0,4,0,4.0,8.0,12.0,15.0,5.0,0,0
GWL_0573,28.34344,76.92253,219.9,0.45,6.71,1196.6,473.7,0,4,0,62.0,118.0,155.0,185.0,75.0,0,0
GWL_0574,28.34216,76.92074,220.0,3.47,7.18,1238.0,474.3,0,4,0,70.0,125.0,160.0,218.0,85.0,0,0
GWL_0575,28.34175,76.92166,219.8,0.21,7.25,1208.7,482.3,0,4,0,58.0,105.0,142.0,168.0,70.0,0,0
GWL_0576,28.34207,76.92125,219.7,1.31,6.8,1178.4,498.7,0,4,0,4.0,8.0,12.0,15.0,5.0,0,0
GWL_0577,28.3424,76.92219,220.0,1.5,6.74,1203.9,475.4,0,4,0,0.0,0.0,0.0,0.0,0.0,0,0
GWL_0578,28.34299,76.92203,220.1,1.77,7.38,1211.4,478.4,0,4,0,32.0,58.0,74.0,89.0,40.0,0,0
GWL_0579,28.34165,76.92235,220.5,0.99,7.17,1275.7,476.7,0,4,0,75.0,135.0,180.0,240.0,90.0,0,0
GWL_0580,28.3418,76.92123,220.5,0.8,7.1,1255.9,491.9,0,4,0,6.0,11.0,14.0,18.0,7.0,0,0
GWL_0581,28.31396,77.04234,212.3,2.85,10.45,547.9,290.8,0,10,1,45.0,82.0,115.0,132.0,55.0,0,0
GWL_0582,28.31312,77.04185,212.0,1.53,10.22,559.9,274.1,0,10,1,6.0,11.0,14.0,18.0,7.0,0,0
GWL_0583,28.31473,77.04179,211.7,0.72,10.77,529.7,297.2,0,10,1,50.0,92.0,120.0,145.0,60.0,0,0
GWL_0584,28.31567,77.04122,211.9,2.41,10.22,528.2,280.7,0,10,1,62.0,118.0,155.0,185.0,75.0,0,0
GWL_0585,28.31448,77.04233,211.7,1.76,10.37,517.3,276.3,0,10,1,62.0,118.0,155.0,185.0,75.0,0,0
GWL_0586,28.31493,77.04068,211.9,2.77,10.3,521.9,290.8,0,10,1,6.0,11.0,14.0,18.0,7.0,0,0
GWL_0587,28.3144,77.04299,212.2,2.21,10.11,542.3,277.8,0,10,1,50.0,92.0,120.0,145.0,60.0,0,0
GWL_0588,28.31396,77.0424,212.0,1.15,9.71,539.8,278.6,0,10,1,28.0,52.0,85.0,110.0,35.0,0,0
GWL_0589,28.3149,77.04067,212.1,3.31,9.83,547.4,272.7,0,10,1,70.0,125.0,160.0,218.0,85.0,0,0
GWL_0590,28.31458,77.04225,211.9,1.92,10.64,519.4,270.7,0,10,1,6.0,11.0,14.0,18.0,7.0,0,0
GWL_0591,28.31528,77.04233,212.3,2.17,10.39,562.7,292.5,0,10,1,4.0,8.0,12.0,15.0,5.0,0,0
GWL_0592,28.31544,77.04232,211.7,1.09,10.02,504.4,279.2,0,10,1,6.0,11.0,14.0,18.0,7.0,0,0
GWL_0593,28.31437,77.04236,211.9,2.23,9.82,515.0,275.2,0,10,1,62.0,118.0,155.0,185.0,75.0,0,0
GWL_0594,28.31425,77.04124,211.8,1.52,10.59,503.6,289.5,0,10,1,62.0,118.0,155.0,185.0,75.0,0,0
GWL_0595,28.31471,77.043,212.3,0.27,9.73,580.9,283.8,0,10,1,45.0,82.0,115.0,132.0,55.0,0,0
GWL_0596,28.31439,77.04259,212.1,3.27,10.66,557.3,278.6,0,10,1,0.0,0.0,0.0,0.0,0.0,0,0
GWL_0597,28.31534,77.04075,211.8,3.16,10.04,511.8,274.1,0,10,1,62.0,118.0,155.0,185.0,75.0,0,0
GWL_0598,28.31528,77.0421,212.1,0.99,10.42,558.9,279.4,0,10,1,75.0,135.0,180.0,240.0,90.0,1,1
GWL_0599,28.31563,77.04254,212.3,1.2,10.36,576.1,290.7,0,10,1,28.0,52.0,85.0,110.0,35.0,0,0
GWL_0600,28.3156,77.04178,211.7,2.42,10.55,517.5,276.2,0,10,1,70.0,125.0,160.0,218.0,85.0,0,0
GWL_0601,28.46121,76.98444,209.7,2.33,11.37,333.8,192.2,0,11,1,6.0,11.0,14.0,18.0,7.0,0,0
GWL_0602,28.46051,76.9841,210.0,3.2,10.87,380.1,206.9,0,11,1,32.0,58.0,74.0,89.0,40.0,0,0
GWL_0603,28.46224,76.98405,210.2,1.44,10.76,369.5,194.6,0,11,1,4.0,8.0,12.0,15.0,5.0,0,0
GWL_0604,28.46003,76.98425,209.7,2.87,11.5,336.6,205.8,0,11,1,70.0,125.0,160.0,218.0,85.0,1,1
GWL_0605,28.46014,76.98557,210.2,2.45,10.75,387.0,199.4,0,11,1,28.0,52.0,85.0,110.0,35.0,0,0
GWL_0606,28.46123,76.98386,209.6,2.85,11.52,321.5,208.6,0,11,1,0.0,0.0,0.0,0.0,0.0,0,0
GWL_0607,28.46069,76.98549,210.0,2.88,11.45,362.5,205.8,0,11,1,40.0,72.0,98.0,115.0,48.0,0,0
GWL_0608,28.4601,76.98562,210.0,2.44,10.75,384.9,185.1,0,11,1,75.0,135.0,180.0,240.0,90.0,1,1
GWL_0609,28.46113,76.98605,209.7,0.76,11.46,346.5,185.7,0,11,1,0.0,0.0,0.0,0.0,0.0,0,0
GWL_0610,28.46186,76.98503,209.9,1.72,11.37,374.7,201.3,0,11,1,6.0,11.0,14.0,18.0,7.0,0,0
GWL_0611,28.46002,76.98602,209.9,2.5,10.9,376.7,201.8,0,11,1,40.0,72.0,98.0,115.0,48.0,0,0
GWL_0612,28.46004,76.98472,210.1,0.36,11.42,385.7,198.9,0,11,1,28.0,52.0,85.0,110.0,35.0,0,0
GWL_0613,28.46051,76.98425,210.2,1.18,11.2,382.7,184.2,0,11,1,45.0,82.0,115.0,132.0,55.0,0,0
GWL_0614,28.45973,76.98513,210.2,1.42,10.78,380.8,195.6,0,11,1,32.0,58.0,74.0,89.0,40.0,0,0
GWL_0615,28.46102,76.98614,209.8,1.88,10.72,372.3,187.5,0,11,1,70.0,125.0,160.0,218.0,85.0,1,1
GWL_0616,28.46149,76.98475,209.7,2.79,10.82,357.3,199.5,0,11,1,58.0,105.0,142.0,168.0,70.0,1,1
GWL_0617,28.46047,76.98576,209.8,1.26,11.18,372.8,193.1,0,11,1,0.0,0.0,0.0,0.0,0.0,0,0
GWL_0618,28.46246,76.98454,209.4,0.87,11.16,307.8,180.0,0,11,1,70.0,125.0,160.0,218.0,85.0,1,1
GWL_0619,28.46193,76.984,209.5,0.42,11.42,344.7,192.9,0,11,1,45.0,82.0,115.0,132.0,55.0,0,0
GWL_0620,28.46006,76.98504,209.7,1.44,11.24,353.2,183.3,0,11,1,32.0,58.0,74.0,89.0,40.0,0,0
GWL_0621,28.49371,77.08968,225.6,0.38,4.45,1677.6,81.8,0,2,0,0.0,0.0,0.0,0.0,0.0,0,0
GWL_0622,28.49601,77.08772,225.8,2.43,4.69,1727.5,96.0,0,2,0,75.0,135.0,180.0,240.0,90.0,0,0
GWL_0623,28.49363,77.08903,225.8,3.46,4.66,1732.5,92.6,0,2,0,28.0,52.0,85.0,110.0,35.0,0,0
GWL_0624,28.49435,77.08832,226.2,3.03,4.12,1755.3,80.4,0,2,0,0.0,0.0,0.0,0.0,0.0,0,0
GWL_0625,28.49362,77.08791,225.6,2.9,4.6,1709.1,70.0,0,2,0,4.0,8.0,12.0,15.0,5.0,0,0
GWL_0626,28.49452,77.08742,225.6,0.43,4.45,1698.2,78.7,0,2,0,28.0,52.0,85.0,110.0,35.0,0,0
GWL_0627,28.49485,77.08783,226.1,3.19,4.55,1731.7,73.2,0,2,0,75.0,135.0,180.0,240.0,90.0,0,0
GWL_0628,28.49646,77.08688,225.6,1.18,4.58,1682.6,93.5,0,2,0,0.0,0.0,0.0,0.0,0.0,0,0
GWL_0629,28.49397,77.0886,225.5,0.43,5.21,1675.1,94.6,0,2,0,40.0,72.0,98.0,115.0,48.0,0,0
GWL_0630,28.49523,77.08693,226.2,1.01,4.88,1733.8,95.6,0,2,0,32.0,58.0,74.0,89.0,40.0,0,0
GWL_0631,28.49364,77.08824,226.0,3.28,5.01,1742.8,96.6,0,2,0,75.0,135.0,180.0,240.0,90.0,0,0
GWL_0632,28.4942,77.08755,225.6,1.44,4.65,1697.8,74.8,0,2,0,0.0,0.0,0.0,0.0,0.0,0,0
GWL_0633,28.49567,77.0872,225.6,1.86,5.06,1705.6,89.4,0,2,0,62.0,118.0,155.0,185.0,75.0,0,0
GWL_0634,28.49407,77.08834,225.5,1.45,4.71,1669.1,78.2,0,2,0,70.0,125.0,160.0,218.0,85.0,0,0
GWL_0635,28.49647,77.08956,225.7,0.34,4.4,1700.2,98.4,0,2,0,45.0,82.0,115.0,132.0,55.0,0,0
GWL_0636,28.49402,77.08899,225.5,3.44,4.68,1698.5,80.3,0,2,0,0.0,0.0,0.0,0.0,0.0,0,0
GWL_0637,28.49548,77.08728,225.5,3.3,5.22,1703.0,88.8,0,2,0,75.0,135.0,180.0,240.0,90.0,0,0
GWL_0638,28.49602,77.08691,225.7,1.24,4.86,1698.7,74.5,0,2,0,45.0,82.0,115.0,132.0,55.0,0,0
GWL_0639,28.49539,77.08914,225.7,0.64,4.42,1694.0,79.0,0,2,0,40.0,72.0,98.0,115.0,48.0,0,0
GWL_0640,28.49553,77.0885,226.0,1.4,4.92,1718.2,84.1,0,2,0,4.0,8.0,12.0,15.0,5.0,0,0
GWL_0641,28.4599,77.09554,226.8,3.12,4.12,1805.4,130.8,0,1,0,40.0,72.0,98.0,115.0,48.0,0,0
GWL_0642,28.45957,77.09595,226.7,2.21,4.06,1785.0,132.4,0,1,0,0.0,0.0,0.0,0.0,0.0,0,0
GWL_0643,28.45794,77.09589,226.8,3.21,3.79,1797.4,133.7,0,1,0,0.0,0.0,0.0,0.0,0.0,0,0
GWL_0644,28.45842,77.09778,226.8,3.39,3.99,1807.7,146.4,0,1,0,0.0,0.0,0.0,0.0,0.0,0,0
GWL_0645,28.46015,77.09666,227.1,0.85,3.83,1840.2,139.8,0,1,0,0.0,0.0,0.0,0.0,0.0,0,0
GWL_0646,28.45862,77.09728,227.0,3.34,4.44,1818.9,156.4,0,1,0,0.0,0.0,0.0,0.0,0.0,0,0
GWL_0647,28.45765,77.09577,227.1,0.95,4.4,1840.3,142.7,0,1,0,62.0,118.0,155.0,185.0,75.0,0,0
GWL_0648,28.45853,77.09788,227.1,1.81,4.01,1839.9,147.1,0,1,0,28.0,52.0,85.0,110.0,35.0,0,0
GWL_0649,28.45979,77.09744,227.0,1.63,4.55,1809.5,153.8,0,1,0,75.0,135.0,180.0,240.0,90.0,0,0
GWL_0650,28.46032,77.09687,227.3,2.86,4.43,1836.3,131.5,0,1,0,32.0,58.0,74.0,89.0,40.0,0,0
GWL_0651,28.45871,77.09702,227.1,2.67,4.02,1828.9,135.6,0,1,0,0.0,0.0,0.0,0.0,0.0,0,0
GWL_0652,28.45975,77.09664,226.9,1.16,4.49,1805.8,136.5,0,1,0,28.0,52.0,85.0,110.0,35.0,0,0
GWL_0653,28.4604,77.09715,227.5,1.61,3.98,1873.4,145.8,0,1,0,0.0,0.0,0.0,0.0,0.0,0,0
GWL_0654,28.45962,77.09576,227.1,0.61,3.87,1803.5,131.2,0,1,0,28.0,52.0,85.0,110.0,35.0,0,0
GWL_0655,28.46043,77.09573,227.2,2.97,4.17,1818.1,151.8,0,1,0,0.0,0.0,0.0,0.0,0.0,0,0
GWL_0656,28.4593,77.09719,227.3,3.42,4.15,1834.2,149.5,0,1,0,6.0,11.0,14.0,18.0,7.0,0,0
GWL_0657,28.45771,77.09769,226.8,1.28,4.6,1801.9,141.8,0,1,0,32.0,58.0,74.0,89.0,40.0,0,0
GWL_0658,28.45892,77.09756,227.0,3.07,3.79,1826.1,155.4,0,1,0,0.0,0.0,0.0,0.0,0.0,0,0
GWL_0659,28.45805,77.09629,226.8,2.53,4.32,1803.4,135.9,0,1,0,70.0,125.0,160.0,218.0,85.0,0,0
GWL_0660,28.45814,77.09512,227.0,2.05,4.56,1821.7,143.1,0,1,0,40.0,72.0,98.0,115.0,48.0,0,0
GWL_0661,28.48256,77.10516,235.3,1.94,0.64,2502.6,861.8,0,0,0,70.0,125.0,160.0,218.0,85.0,0,0
GWL_0662,28.48006,77.10391,235.0,2.06,1.1,2481.7,851.4,0,0,0,0.0,0.0,0.0,0.0,0.0,0,0
GWL_0663,28.48155,77.10591,235.2,3.24,1.18,2515.7,845.8,0,0,0,75.0,135.0,180.0,240.0,90.0,0,0
GWL_0664,28.4817,77.10487,235.1,1.82,0.99,2496.9,855.6,0,0,0,28.0,52.0,85.0,110.0,35.0,0,0
GWL_0665,28.48029,77.10542,234.7,0.48,1.06,2475.8,853.1,0,0,0,75.0,135.0,180.0,240.0,90.0,0,0
GWL_0666,28.48053,77.10467,234.9,3.28,1.46,2486.6,849.8,0,0,0,0.0,0.0,0.0,0.0,0.0,0,0
GWL_0667,28.48191,77.10311,235.0,1.31,1.42,2475.5,856.6,0,0,0,70.0,125.0,160.0,218.0,85.0,0,0
GWL_0668,28.48192,77.10446,234.7,3.41,1.14,2474.1,847.1,0,0,0,40.0,72.0,98.0,115.0,48.0,0,0
GWL_0669,28.48115,77.10429,234.7,0.55,1.46,2459.1,845.8,0,0,0,58.0,105.0,142.0,168.0,70.0,0,0
GWL_0670,28.48121,77.10531,234.6,2.1,0.78,2442.5,841.6,0,0,0,62.0,118.0,155.0,185.0,75.0,0,0
GWL_0671,28.4822,77.10335,234.6,1.65,1.5,2451.5,852.7,0,0,0,75.0,135.0,180.0,240.0,90.0,0,0
GWL_0672,28.47982,77.10435,235.1,2.08,0.79,2496.1,843.2,0,0,0,0.0,0.0,0.0,0.0,0.0,0,0
GWL_0673,28.4808,77.1033,235.2,3.39,1.39,2526.6,858.0,0,0,0,75.0,135.0,180.0,240.0,90.0,0,0
GWL_0674,28.4818,77.10386,235.1,1.7,0.94,2513.8,848.5,0,0,0,0.0,0.0,0.0,0.0,0.0,0,0
GWL_0675,28.48065,77.10577,234.6,1.8,1.57,2465.4,856.4,0,0,0,0.0,0.0,0.0,0.0,0.0,0,0
GWL_0676,28.48045,77.10403,235.3,2.05,0.89,2504.5,840.5,0,0,0,58.0,105.0,142.0,168.0,70.0,0,0
GWL_0677,28.48259,77.10413,235.1,0.46,1.14,2520.8,857.3,0,0,0,0.0,0.0,0.0,0.0,0.0,0,0
GWL_0678,28.48008,77.10475,235.2,1.54,1.3,2517.9,867.0,0,0,0,0.0,0.0,0.0,0.0,0.0,0,0
GWL_0679,28.48157,77.10339,234.8,0.87,1.49,2488.4,860.3,0,0,0,70.0,125.0,160.0,218.0,85.0,0,0
GWL_0680,28.4806,77.10355,235.2,1.76,0.65,2516.7,841.2,0,0,0,75.0,135.0,180.0,240.0,90.0,0,0
GWL_0681,28.45048,77.10791,241.7,3.45,-1.97,3049.7,1096.1,0,0,0,40.0,72.0,98.0,115.0,48.0,0,0
GWL_0682,28.45181,77.10778,242.1,0.27,-2.31,3096.3,1114.5,0,0,0,6.0,11.0,14.0,18.0,7.0,0,0
GWL_0683,28.45216,77.10676,242.0,3.21,-1.91,3103.2,1094.0,0,0,0,45.0,82.0,115.0,132.0,55.0,0,0
GWL_0684,28.45231,77.10875,242.4,2.43,-2.1,3141.5,1098.3,0,0,0,70.0,125.0,160.0,218.0,85.0,0,0
GWL_0685,28.4505,77.1086,242.2,3.27,-2.18,3118.9,1112.2,0,0,0,70.0,125.0,160.0,218.0,85.0,0,0
GWL_0686,28.44969,77.10766,241.8,1.2,-1.24,3078.7,1111.5,0,0,0,62.0,118.0,155.0,185.0,75.0,0,0
GWL_0687,28.45243,77.10763,242.2,1.63,-1.51,3094.2,1118.4,0,0,0,75.0,135.0,180.0,240.0,90.0,0,0
GWL_0688,28.45016,77.10748,242.2,1.5,-1.77,3104.8,1112.3,0,0,0,4.0,8.0,12.0,15.0,5.0,0,0
GWL_0689,28.45018,77.10668,241.8,1.77,-2.05,3067.2,1102.0,0,0,0,0.0,0.0,0.0,0.0,0.0,0,0
GWL_0690,28.44967,77.10825,242.3,0.7,-1.82,3122.1,1102.6,0,0,0,0.0,0.0,0.0,0.0,0.0,0,0
GWL_0691,28.4516,77.10773,242.0,0.22,-1.61,3096.5,1091.2,0,0,0,0.0,0.0,0.0,0.0,0.0,0,0
GWL_0692,28.4506,77.10944,241.9,1.86,-1.35,3090.2,1107.5,0,0,0,28.0,52.0,85.0,110.0,35.0,0,0
GWL_0693,28.45189,77.10909,242.0,1.77,-1.91,3108.7,1110.9,0,0,0,50.0,92.0,120.0,145.0,60.0,0,0
GWL_0694,28.44975,77.10909,242.0,0.43,-1.75,3086.7,1116.3,0,0,0,50.0,92.0,120.0,145.0,60.0,0,0
GWL_0695,28.45011,77.10898,242.0,0.38,-1.33,3090.5,1098.7,0,0,0,50.0,92.0,120.0,145.0,60.0,0,0
GWL_0696,28.45091,77.10907,241.8,0.84,-2.09,3064.9,1113.4,0,0,0,0.0,0.0,0.0,0.0,0.0,0,0
GWL_0697,28.45091,77.10718,241.7,1.3,-1.24,3058.2,1119.6,0,0,0,62.0,118.0,155.0,185.0,75.0,0,0
GWL_0698,28.45096,77.10704,242.3,1.72,-1.71,3134.8,1091.5,0,0,0,40.0,72.0,98.0,115.0,48.0,0,0
GWL_0699,28.44979,77.10866,241.8,0.81,-2.18,3053.9,1113.2,0,0,0,50.0,92.0,120.0,145.0,60.0,0,0
GWL_0700,28.4499,77.1079,242.1,1.61,-2.31,3109.8,1090.3,0,0,0,4.0,8.0,12.0,15.0,5.0,0,0
GWL_0701,28.4789,77.0815,214.2,1.2,9.4,420.0,85.0,0,8,1,52.0,93.6,124.8,166.4,52.0,1,2
GWL_0702,28.4765,77.079,213.8,0.9,9.8,445.0,72.0,0,7,1,48.0,86.4,115.2,153.6,48.0,1,2
GWL_0703,28.4612,77.0821,215.0,1.6,10.2,380.0,95.0,0,12,1,58.0,104.4,139.2,185.6,58.0,1,3
GWL_0704,28.4895,77.0945,212.5,2.1,11.5,510.0,120.0,0,15,1,72.0,129.6,172.8,230.4,72.0,1,4
GWL_0705,28.4281,77.119,222.0,2.8,11.8,620.0,180.0,0,10,1,65.0,117.0,156.0,208.0,65.0,1,3
GWL_0706,28.4593,77.0725,214.5,1.4,10.5,395.0,68.0,0,14,1,60.0,108.0,144.0,192.0,60.0,1,3
GWL_0707,28.4542,77.0745,215.1,1.1,9.6,410.0,55.0,0,6,1,45.0,81.0,108.0,144.0,45.0,1,2
GWL_0708,28.4811,77.0512,213.1,1.8,10.8,480.0,110.0,0,11,1,55.0,99.0,132.0,176.0,55.0,1,3
GWL_0709,28.4735,77.045,214.0,0.8,9.2,430.0,78.0,0,5,1,42.0,75.6,100.8,134.4,42.0,1,2
GWL_0710,28.4632,77.0315,212.8,1.5,10.1,465.0,92.0,0,9,1,50.0,90.0,120.0,160.0,50.0,1,3
GWL_0711,28.4856,77.0321,213.0,1.0,9.5,440.0,88.0,0,7,1,46.0,82.8,110.4,147.2,46.0,1,2
GWL_0712,28.468,77.0805,215.5,0.7,9.1,400.0,65.0,0,8,1,44.0,79.2,105.6,140.8,44.0,1,2
GWL_0713,28.4815,77.091,213.4,2.0,10.6,490.0,105.0,0,13,1,62.0,111.6,148.8,198.4,62.0,1,3
GWL_0714,28.4685,77.0678,217.5,0.4,7.5,350.0,45.0,0,0,0,12.0,21.6,28.8,38.4,12.0,0,0
GWL_0715,28.472,77.072,208.5,2.4,12.1,280.0,320.0,1,22,1,78.0,140.4,187.2,249.6,78.0,1,4
